<?xml version="1.0" encoding="UTF-8"?>
<metadata xml:lang="en"><Esri><CreaDate>20220805</CreaDate><CreaTime>15375600</CreaTime><ArcGISFormat>1.0</ArcGISFormat><SyncOnce>TRUE</SyncOnce><BusinessAnalyst><ToolName>EnrichLayer</ToolName></BusinessAnalyst><DataProperties><lineage><Process ToolSource="c:\program files\arcgis\pro\Resources\ArcToolbox\toolboxes\Analysis Tools.tbx\Enrich" Date="20220805" Time="153757">Enrich PHL_Province C:\chrisBird\PhL_Province_Pop.shp populationtotals.totpop_cy # 1 #</Process></lineage><LayerFile>{"type":"CIMLayerDocument","version":"2.9.0","build":32739,"layers":["CIMPATH=map/phl_province_pop.xml"],"layerDefinitions":[{"type":"CIMFeatureLayer","name":"PhL_Province_Pop","uRI":"CIMPATH=map/phl_province_pop.xml","sourceModifiedTime":{"type":"TimeInstant"},"useSourceMetadata":true,"description":"PhL_Province_Pop","layerElevation":{"type":"CIMLayerElevationSurface","mapElevationID":"{29245D16-3291-40C6-B492-CDF63C041072}"},"expanded":true,"layerType":"Operational","showLegends":true,"visibility":true,"displayCacheType":"Permanent","maxDisplayCacheAge":5,"showPopups":true,"serviceLayerID":-1,"refreshRate":-1,"refreshRateUnit":"esriTimeUnitsSeconds","blendingMode":"Alpha","allowDrapingOnIntegratedMesh":true,"autoGenerateFeatureTemplates":true,"featureElevationExpression":"0","featureTable":{"type":"CIMFeatureTable","displayField":"ID","editable":true,"dataConnection":{"type":"CIMStandardDataConnection","workspaceConnectionString":"DATABASE=..\\..\\..\\..\\..\\..\\chrisBird","workspaceFactory":"Shapefile","dataset":"PhL_Province_Pop","datasetType":"esriDTFeatureClass"},"studyAreaSpatialRel":"esriSpatialRelUndefined","searchOrder":"esriSearchOrderSpatial"},"htmlPopupEnabled":true,"selectable":true,"featureCacheType":"Session","displayFiltersType":"ByScale","featureBlendingMode":"Alpha","renderer":{"type":"CIMSimpleRenderer","patch":"Default","symbol":{"type":"CIMSymbolReference","symbol":{"type":"CIMPolygonSymbol","symbolLayers":[{"type":"CIMSolidStroke","enable":true,"colorLocked":true,"capStyle":"Butt","joinStyle":"Round","lineStyle3D":"Strip","miterLimit":10,"width":0.40000000000000002,"color":{"type":"CIMRGBColor","values":[110,110,110,100]}},{"type":"CIMSolidFill","enable":true,"color":{"type":"CIMRGBColor","values":[230,152,0,16.0784320831298828]}}]}}},"scaleSymbols":true,"snappable":true}]}</LayerFile></DataProperties></Esri><idinfo><keywords><theme><themekey></themekey><themekt>None</themekt></theme></keywords><descript><abstract></abstract><purpose>Created with Business Analyst Pro - EnrichLayer</purpose></descript><timeperd><current>publication date</current></timeperd><citation><citeinfo><origin>Business Analyst Pro</origin></citeinfo></citation><status><progress>Complete</progress><update>Unknown</update></status></idinfo></metadata>
