q0,q1,q2
-53.78699724212623,-99.34863327272114,-85.01701050962872
-52.23829526885777,-101.26453320437943,-85.81341338847997
-59.21618447388835,-106.81311460255162,-86.35267449801533
-68.51444343334299,-101.66121429359447,-85.49563987701177
-48.982099384385094,-101.10408535228939,-85.44851586005501
-42.049739573830834,-94.41478603790333,-82.05611986339571
-44.34488566464523,-98.54526860315761,-84.82680237160649
-67.53261955876894,-105.08653238598738,-87.54187677370311
-42.288004546779405,-102.8454373697713,-86.58410404656408
-55.31682673067468,-102.3653737458382,-87.14630355735855
-50.55246761169303,-101.73982829791935,-85.00876690386286
-57.562278665038036,-100.92316648347614,-84.3420637915027
-59.99785939328365,-101.50068037726817,-83.05394456947714
-46.44142636053198,-98.54432565406802,-87.17117634362695
-60.720477303530515,-97.17157033531764,-81.5790850283194
-64.35639017971363,-105.36096301626993,-86.88073331883344
-50.77515120195591,-99.28767434715266,-81.77976165749888
-48.47113508195309,-99.05667441018737,-82.96645569661243
-38.682620852007915,-100.22707702723629,-83.8612611082539
-54.92197653234837,-105.56001480486226,-88.08322877476576
-51.284639146074426,-102.04923588679468,-83.8295128969891
-63.3447567333929,-103.82704869995446,-87.93777930654383
-47.01992910876385,-100.22256976785194,-83.11747385559255
-50.189380416085896,-102.20412802059303,-83.89348520762731
-46.94360657246676,-98.11309999240206,-82.4424844421225
-67.29118674472579,-104.53445581477686,-85.61942988168886
-38.35377086973892,-94.73022370490935,-83.23377479550221
-54.11854443107558,-101.84785610712862,-84.60731326688098
-60.90343146354593,-106.00493148935392,-88.1542785291854
-54.40855095812003,-106.67602529372056,-87.46491845473318
-57.16162018937274,-105.64660696275752,-87.7520920721931
-39.234422882044555,-97.71138213136491,-82.83029304525297
-54.65174950387484,-99.79357824535823,-83.4353054319586
-53.29008638621292,-98.14836408151058,-81.43591802676757
-46.67845131521989,-99.76426329184541,-81.32514921833847
-37.4444858960739,-104.16115363926659,-88.88503239051309
-55.57417673532194,-101.74981308678707,-85.06336027153073
-39.46413919615986,-97.30691683122072,-83.7478259527131
-54.01906956238338,-103.15062662873564,-83.50851840755575
-58.54107576163,-99.31553818148201,-83.04078123684394
-59.97677574364991,-105.93311251813377,-89.40213007796848
-72.00827545116795,-105.38715840095327,-87.06382451366422
-62.77543003073174,-102.67512680540855,-84.26756012871806
-64.89169853951432,-109.79322953847542,-90.63885411174851
-38.23112385732145,-99.58408736145962,-84.6008709390513
-49.775489624808415,-100.6599882604068,-85.27100391349938
-53.59447601647696,-100.88887116622631,-85.33918374096237
-49.85035164021002,-101.18459517283398,-84.75994402007984
-44.44085675786573,-102.40719314997239,-87.01087818642189
-61.051658436684136,-102.41208023602448,-85.51811340413204
-61.097488218503145,-102.81300744574854,-83.00590440712486
-67.26783273404675,-102.00445649748247,-84.80042235287517
-57.49661847045223,-104.41241660943066,-85.3940070684678
-51.451277000834295,-103.51606864303149,-86.40021718491883
-56.09405379209363,-102.11050431863386,-84.4060161531704
-56.76925237779051,-101.06896764375647,-86.22079504089399
-51.47560098726615,-100.3469841662037,-85.00744394889594
-48.54500005163493,-103.61522054106202,-88.0399530963624
-46.247560389119485,-97.68444841123213,-81.49959439228732
-53.98985113940546,-101.39061272781092,-85.10414578001351
-49.61402916520285,-101.58036733265087,-85.9073470742207
-54.7129455516465,-101.57256982360646,-83.32117250844642
-44.444637909813196,-98.96952381405869,-83.78029797671532
-46.89502288150095,-101.27735914763365,-86.33254015083186
-42.984515065203766,-101.04308654858286,-84.54733046262028
-57.45792188427987,-104.4894536720083,-86.06011129212042
-37.55125390247059,-95.58555991398558,-83.36714741464941
-48.86649146279518,-99.40294598771224,-85.33645631998826
-54.26582335284263,-103.39146800497065,-84.05847602270799
-49.80025387153108,-102.83995884516727,-88.69137926865778
-54.80837150893461,-98.46244184875223,-82.87849697127425
-39.49196340293827,-97.04594215848589,-83.47297053129196
-54.57885931664009,-103.82228175956193,-87.69719696155013
-46.7599027219556,-101.57877909619964,-85.72946252175106
-50.278089353984,-100.04277675115033,-82.32563420279575
-54.48137178462929,-103.88245022605402,-88.10585664890003
-69.01021727882653,-104.6900780902437,-85.0139061796987
-48.832652628615676,-100.56104882620187,-85.23242708369887
-33.07072009749669,-96.06294746514618,-84.60142067064311
-47.79344934152988,-103.64390613383607,-86.5245123109058
-52.19542549321187,-107.31760372911812,-89.83205536264532
-46.950941001296144,-101.47158040706256,-84.1701705438738
-52.72019957833578,-102.72216594079583,-86.63635864043121
-47.90919400404425,-102.9650547323528,-88.74640658742472
-43.838400058844286,-98.35215504079966,-84.54209308758861
-59.08967480364208,-102.67875552771382,-86.52641701985203
-45.97829157560028,-102.78272724345018,-86.49130165708664
-59.59718361453679,-104.5721571598437,-85.95059048886039
-55.59297246537136,-98.41134835303899,-81.62009809820519
-48.20050564244957,-106.82680090630123,-87.52398664316296
-49.599476390593,-100.62678136338528,-84.54546218984032
-68.86102002929738,-107.37003775879575,-88.53859226556229
-54.55977424977522,-103.63856006439042,-85.19088468362736
-41.849933994286516,-100.26186017190045,-86.91318526301461
-31.558078828991768,-95.3688630891856,-82.3058025929301
-57.73570871386346,-103.82695631301556,-88.68802709125032
-49.53877189186187,-104.2699823790113,-85.39240438913814
-33.243259919377294,-100.88584169216821,-85.90381155844644
-57.864629381415,-102.72555566736052,-85.66984890052714
-45.055560955837905,-100.61200580588104,-83.84703976763694
-45.72716574347146,-98.78176898891206,-83.89982187556966
-57.720788192698535,-105.67299152006346,-86.87329339124558
-52.51762913019377,-104.63835728247193,-87.7539820202388
-64.82325188502182,-101.66923828730032,-85.13126320973944
-46.507505688503045,-97.47278921663327,-82.57675917735308
-56.02707198744969,-99.2841948500812,-85.44426194561947
-53.380663429203196,-100.78038406942879,-83.88805322708397
-63.173616132814686,-104.47705433339851,-84.71915960795405
-55.714990787248325,-98.50753580448232,-83.23568841398577
-62.21176316895378,-100.59879631633626,-86.40345060031959
-43.8835314086723,-98.05389624130453,-83.56888885313269
-37.57065234701071,-99.23668773808086,-86.68086949344438
-39.31340613959168,-95.91892096776627,-82.71644072955792
-57.051252942194594,-100.30459598264869,-84.07264384467112
-43.169944924215145,-96.56184672604904,-85.16223712255064
-42.575902210261916,-98.16323730622821,-83.33973585502257
-73.5681774865094,-104.73072707487123,-86.0422433063396
-51.12516462954079,-98.08939325612016,-83.41955791683088
-69.43392068521842,-106.32805471293278,-88.30312630852538
-45.46634739235367,-98.63386165768222,-84.21226988181746
-47.2332688341894,-101.48633119921205,-85.21053963646922
-43.20991929609926,-102.19298062535971,-85.04539943334372
-50.66176853796742,-103.83938712621477,-86.74697118397845
-46.76967797405217,-98.45926368928446,-84.13061126603219
-64.27846722550396,-102.8107803301285,-84.81044357551764
-53.68312862893657,-97.16447283716406,-80.65573713838191
-61.50378301112863,-103.19680212182872,-83.63915595996247
-60.608957476785065,-104.15351763014843,-85.53710818517162
-53.72893523820096,-101.81137604911194,-85.31176037227158
-52.60518133066893,-97.6257847508738,-82.83908415660795
-48.41322009431997,-103.18861013654995,-87.1525023591898
-47.141586255484526,-99.0232140399975,-84.19918715274386
-52.50291216385273,-98.3846771327368,-83.43099513547187
-45.528914298540144,-100.7125868178459,-85.79846044786025
-41.17666956894686,-98.5509435548544,-84.11903678497413
-60.592504776312296,-101.88496798275659,-83.92733977103013
-54.0570850275505,-101.35284107441272,-87.0734061643719
-32.64110744516876,-95.05248608983959,-80.13223666695949
-57.648449208260445,-101.4893766715271,-84.32129549534325
-47.39577361765805,-103.86793844571565,-87.5740549630096
-53.96051204645107,-102.94613735646587,-85.99173719787878
-67.22920981673747,-103.50617958235246,-84.21667384907622
-50.35237024463078,-102.78332755827284,-85.10297794894099
-53.37467404805864,-97.88480870721776,-81.89722694781707
-41.66866284876619,-99.02393425080557,-85.32533521941853
-53.49895311277197,-99.90814036064509,-84.68551810461902
-59.08357802492293,-105.4872999950768,-85.74478870218493
-48.511272079015555,-99.56990318054537,-83.61020734366684
-65.90483698608813,-101.33498334806512,-83.38092256554407
-51.68384592069731,-104.62028178836958,-87.54199097595898
-50.544977114623634,-100.7519954672222,-83.12738793737226
-43.45588464580021,-99.77695134042195,-84.6380460527977
-43.29778013665691,-103.97201062300286,-89.65477543543201
-38.39513120756078,-98.65486629842144,-85.67015628860369
-58.236347531281524,-103.07531401167441,-84.23414491974785
-56.257677273139166,-100.42283862463839,-82.39447486109975
-61.17600242925715,-104.0164540900781,-85.02564858469799
-51.27562069873011,-99.5909017742766,-82.98697038732377
-47.79578180659496,-96.84781532975933,-83.26016910495326
-49.11146273999077,-100.0429760860358,-84.60218050695147
-25.179553907417358,-99.64454114520136,-86.12937388349141
-44.66452226292131,-97.24921308867133,-83.13973756937074
-58.54094720697708,-104.64448588456898,-86.60059759535108
-41.97890882701648,-100.77884633377705,-85.91882224756628
-55.6040717432852,-102.55023458261851,-85.32828666099022
-60.13626413491676,-103.29561318636189,-84.06326811407479
-45.80424528646387,-102.05470127941612,-86.70906653847703
-38.34047919829317,-100.75425094205846,-85.9035403952189
-63.31471390879523,-105.57873357654638,-86.06897041340518
-59.714440457343244,-103.84220227730822,-87.17205347792698
-59.67017949137687,-102.50636260758542,-87.73213047274336
-59.22375983596248,-102.78406060013462,-85.22136563347372
-41.585925886787436,-100.0059552039547,-85.71384584751783
-60.105490437716696,-101.10821282842673,-84.1189033018696
-58.938848327967946,-103.36891067676979,-84.40058597237484
-50.5833245219942,-100.7327818729447,-84.73124223737999
-52.085782311322475,-98.16160721521847,-82.56869672358536
-60.07557982339853,-106.2784003772876,-88.74626817288693
-47.38585567358541,-100.40803321040585,-86.5798524446944
-45.07322527008597,-98.63556477268857,-84.40298526794136
-56.63531221368953,-98.48981370585648,-82.29881593520042
-57.52329133357949,-105.23359197953928,-86.26347034104026
-51.457453902741804,-100.30978023651205,-84.8162995298798
-45.26580347888142,-96.94714496692303,-83.7977662783573
-54.63626373023499,-99.6735950858125,-83.2118467376889
-45.83813051723678,-102.80276730108588,-86.32522296738748
-49.997859638097566,-106.38276647989798,-88.1342415485051
-50.11172751926722,-101.7058015368356,-87.49010123308088
-54.537466304739496,-103.58918704563709,-85.7695722981807
-65.09592863803437,-102.54933728377839,-85.61027125597126
-61.465673529825665,-105.07646332532036,-87.12548800367021
-54.21656902121623,-103.03483885851277,-86.96521794092138
-53.435050983247436,-97.06475334416956,-83.26996402480809
-60.66066367995256,-102.3432630410214,-86.63855189941972
-61.50032192330286,-102.16185089519989,-85.74312097917739
-50.17548993217281,-101.19527394048251,-84.33623988443537
-48.21966238964836,-103.17435429363992,-85.5454251991699
-61.79684719537374,-101.04053088107983,-87.00546594715217
-44.70651844203803,-104.88369848978398,-86.7776878616418
-47.501531450620405,-100.8392755485898,-83.11994739692435
-60.013040492366656,-103.64274027917598,-85.50981486186174
-41.66397823039216,-101.01520200530994,-85.24484951722908
-45.36396025273592,-101.63812078016967,-86.8966560305671
-58.9864276209953,-103.81559292009806,-85.12515253806941
-50.412193157707804,-102.96893114905635,-87.32900340452682
-61.47996951247637,-105.89547501791036,-85.82872500643286
-50.255501857229035,-102.59334246936892,-86.36162600690035
-47.41718009772899,-102.75639074694197,-86.65632455858247
-50.19405353069186,-101.30691714657318,-85.66800575051042
-50.633507668354525,-98.52435178241024,-81.86259748637502
-50.417151824697555,-102.87756873839274,-83.56951033995321
-33.03947681370971,-98.23985100301753,-81.26190536497218
-61.95486475016065,-104.35422778483208,-86.53661730764424
-49.652989002642585,-103.45441477696995,-85.89290353951677
-53.37181286504159,-102.37121714971948,-86.45500628656762
-57.16150626072226,-104.86400268686616,-86.34252370501777
-48.107299875824424,-99.97386130374929,-82.79490617871707
-47.91406540101201,-100.26898778832924,-85.86421368830676
-56.65224693879719,-101.93179443373313,-84.2096928460813
-43.811238700376066,-99.9107529223262,-85.42218592135399
-55.045715609892284,-101.97949175130252,-88.4224167479341
-57.819805017631325,-99.76371760453678,-84.06725061090846
-57.38390462445028,-104.84149015192095,-86.35847315392529
-57.63376465568001,-103.93661388094407,-88.34072182496712
-49.2196716668945,-102.28927825972188,-84.59266593174043
-53.21211980430985,-101.07488364325273,-85.09695555905033
-58.33647011961807,-101.48328287887395,-83.5616174824865
-48.00052797916311,-99.46390192732412,-81.3249268913248
-60.2838563965189,-105.17455226413666,-86.39791156561259
-49.92850841858518,-101.81629822895637,-86.73778930768621
-45.52914956306563,-102.11711947471636,-86.51202652011922
-56.7416789224967,-99.28894790805455,-82.07002614111715
-73.13723227510184,-108.0607157925924,-86.2615937833152
-53.47832517689676,-102.8241708497497,-85.33735541178513
-69.23378089632041,-108.51426876837175,-86.73945715100092
-58.95205362616315,-104.0784694411569,-88.441134295593
-47.861789357985685,-100.11727601368722,-84.54143504070994
-52.866984862324614,-100.44969141961072,-85.5444052274765
-57.605092126723264,-102.4375828311247,-85.75442579631584
-45.26883104102279,-99.73586048585325,-85.43721091287476
-59.42125646738975,-102.37440288798236,-84.98511251919939
-44.09443681510311,-100.45966294434494,-86.42828037499345
-61.234146855083395,-101.49475961203251,-83.24360141737088
-64.14477883744769,-106.07717115256705,-87.99069993805576
-44.18663615537383,-101.96460504749581,-86.67985526483383
-55.00203480732233,-99.43630492116412,-84.15147563287007
-58.112595764353046,-100.36314995978309,-83.32057088030382
-41.263936181293616,-101.25154907922264,-84.95191579776599
-52.64327069921774,-102.0986282191994,-85.53183061904704
-61.05212529067836,-104.5329217058085,-86.6745431040785
-52.31827492758282,-101.8341090964353,-84.60604587578075
-51.8938000104622,-96.52540098903076,-82.83126985621986
-44.52130490655844,-99.18809050793536,-84.65051602335836
-63.5982713531111,-104.01242257656249,-85.07518060805513
-57.07882787284262,-106.07333438631761,-86.28471873190648
-50.27591125010878,-101.81900700875886,-86.75296535075489
-45.42715863036574,-102.84335313192099,-86.11060267421004
-50.84517707933827,-103.40392864351008,-87.23743052919278
-61.67330602271295,-101.87904464016428,-82.58123464740825
-51.705517324649804,-98.52755459587604,-82.52378895804277
-51.55592595675898,-104.96658543682796,-88.11547717541265
-51.27420025079772,-102.63086994479681,-86.3318236813117
-57.349582493351306,-103.9847980449282,-86.40825128731798
-54.34782637266704,-101.05514762870595,-85.02881380461135
-48.4407912706597,-104.13228129882935,-87.27516289240128
-59.86876124288739,-103.74645016870687,-85.04540527882449
-42.002575260229435,-102.24171910690353,-86.72823633989132
-59.770255683527296,-102.603223933192,-88.12262940178566
-57.61976006870623,-104.4880310778486,-86.7989814998867
-44.431958720692194,-97.47519247774969,-84.8804623423288
-51.334626922455186,-102.5932178431498,-85.99574243135359
-59.39319430167859,-103.01463290819262,-85.41107421535031
-60.82969123877763,-105.71821806787376,-88.24428894247357
-60.16811598392394,-102.19352111125747,-83.09195188018495
-50.09561740572997,-102.60576568797161,-88.12192343921187
-45.61681406165968,-103.52437154934414,-88.76235502792144
-43.49979715781518,-98.60317600641287,-84.43547146919921
-49.15720344435442,-101.51115750950564,-87.69060481479706
-46.502642668595,-103.92303883200313,-87.98025282814669
-55.348502909308365,-103.14102532360094,-86.31510585083447
-55.23128852122602,-102.23821322273989,-84.6892834218655
-38.99955529365502,-100.61488177292395,-85.75278735669256
-39.84260624617633,-100.35667757034997,-84.7699925634113
-58.35584043442134,-104.63252667371437,-87.58584433083061
-59.07187551874472,-102.40782147907014,-84.292246677089
-55.31870032525944,-102.8572713679086,-84.1751651207273
-53.91492003901351,-99.40555866278333,-81.65746383731953
-45.34330362671858,-99.20183656255693,-82.88258389199024
-43.21915394685789,-98.96363681010806,-82.94053759973714
-58.21347797407117,-102.0612431345625,-83.9175046398745
-58.44311419949207,-103.65641412457515,-86.38088100754464
-59.169283379833644,-97.95012269298526,-83.09193755318418
-52.43550119247891,-101.0543959591873,-83.01655327368451
-57.02560009262419,-99.39739522617404,-83.03150792239344
-57.29669048809086,-100.62259412620847,-83.43051943333928
-52.61445243566567,-104.84178379374998,-88.92578746810432
-58.45354478219508,-100.21313843598853,-83.48228750679327
-36.08629022112342,-96.78984398903245,-82.90664508468744
-48.21112243076749,-98.43562203445971,-82.35676597145188
-60.95232212000377,-104.13871485658247,-84.36831292686679
-53.227555006621515,-100.99796348475651,-83.70588125297172
-49.7440629167134,-102.33489817554609,-86.50012351438055
-39.60319433881392,-98.00212824212548,-84.73752954158837
-32.71526324455766,-96.12940817063247,-82.02738846551435
-40.649896247759784,-97.59197671342184,-85.83235551976288
-67.22350893504398,-104.31472049778041,-86.45332469579238
-50.87356359035181,-99.17503522472707,-82.88255188508631
-61.51140089685674,-103.73832175492342,-86.79616535900789
-50.84647520246449,-101.06571493906063,-85.87428233022816
-43.35483937218396,-98.18167925924212,-83.5171856209291
-39.62139376267589,-96.53979385613457,-82.46804077169529
-63.22977020731895,-106.65877258251712,-87.22082980358869
-55.70338240127313,-99.76993573801244,-83.52626876680367
-49.97309196040942,-101.63913852713316,-86.5770926634998
-48.03917893241322,-101.21919779800015,-85.77015519283988
-49.30773354759583,-100.00110512013428,-84.02792460574486
-42.625182215042344,-99.46538983123078,-84.92769690724953
-51.889668701728,-106.23740457076123,-88.3472145595139
-51.82129906298405,-101.06631167241069,-85.09473733180695
-47.42018309391449,-100.54767432854923,-85.23180915478781
-52.621834227957436,-100.78514813630579,-86.41911016388838
-55.27975180753282,-102.93169748623285,-88.30216940531142
-56.58631809374543,-104.41382982391094,-87.46601738279247
-52.09308167754148,-103.20688610402249,-85.18051945098802
-53.13644959901552,-102.01371652257882,-86.15290582974333
-50.89960932469177,-101.41383722079863,-84.33007498046864
-62.55440744845066,-108.14110119402365,-88.46667392216034
-51.29855091245423,-102.67579945577862,-85.2056369626654
-39.43858640390374,-98.76324804783633,-85.41108303748413
-51.25570621888369,-102.92995932639852,-86.27759068623014
-49.54442052948383,-97.85637355335555,-82.68717596928401
-62.42948233973891,-102.58866485916073,-83.98902352344379
-59.90446632153754,-100.1734014983224,-82.64415393050702
-43.69183781060275,-101.22589681781692,-86.09298829641892
-51.82498636289529,-103.1843444970084,-86.26987427123825
-65.02162351750695,-99.563255129254415,-82.82881741520603
-51.276463036162625,-98.40015114523018,-83.85258342435571
-48.79111600552403,-104.01628285661361,-88.00337078972395
-51.71336300351987,-103.16682211905882,-85.53929923664731
-54.770967480855575,-102.19601740202474,-84.97177377961061
-52.46961127444598,-102.50574894254629,-85.74526086123393
-42.240341718815046,-97.96411504569643,-84.05479451584485
-54.31912221657649,-102.38914830258764,-85.2275738725162
-60.86507120779419,-103.01692518223638,-86.26101487441781
-43.44444803868066,-99.32626549935941,-84.1399658848119
-51.076305366010445,-100.71596686399621,-84.01138636862474
-55.1249247687943,-102.24509502193567,-86.97173335880836
-52.46050657479441,-100.77592715272843,-83.58542010000522
-53.622772743712176,-99.35700571897888,-84.79303778558958
-45.35323903917356,-97.55700724678304,-82.84299563126721
-60.38949241228153,-104.55803241282466,-83.91773190135831
-53.346764610852915,-105.34138564011631,-85.61853590467493
-57.45695666910569,-99.52728741205252,-82.32764770303233
-51.412927614244154,-98.73466722179842,-81.29936346862047
-36.44069089468866,-98.30158688474056,-82.3778102033505
-52.66073900131278,-106.44621694270934,-86.80559928574772
-60.97376729297082,-105.83422432111216,-86.58608293124506
-59.6880380860498,-101.72201610669335,-84.2212817573869
-36.613152959799834,-99.57454025726898,-85.5324901940747
-38.42175623711722,-97.57475096837459,-83.78322613707368
-40.51231048014847,-103.23539500022095,-86.32569387928888
-58.79676560707651,-99.78194653478057,-83.59378795357459
-54.68452048118104,-102.64462828351483,-84.9120729200258
-57.39404861163848,-101.19246593182346,-83.2311864744688
-50.34062062840201,-105.16280114539379,-88.27918188726608
-44.19343232232819,-103.41736701968901,-86.91666009281815
-54.22177333779638,-100.16353456189232,-85.06916071864397
-54.14394032941789,-102.05753145593035,-85.4454036121553
-68.13791475753095,-105.38911574745781,-88.21351381448272
-65.36605919931094,-103.15303909487466,-84.05278648688193
-59.984053628337904,-103.51025089120871,-88.30015225937035
-54.6117778283334,-103.55781096702032,-86.12425804220074
-59.801486523429276,-100.6264801396151,-85.10056490779105
-54.94815962711817,-102.34063840498187,-86.08873985084442
-61.03271319413665,-102.93385821167612,-86.71447617993695
-69.23309865016154,-104.35715890381074,-86.92261672251962
-49.213199406354704,-103.17111904843355,-87.936466195157
-23.278613147841043,-97.64395633584124,-84.60950536823131
-58.605806804439624,-101.20760899104692,-84.65160839669113
-52.76828185192511,-100.23107353526164,-86.4350944733791
-52.898310801404136,-101.77627117474442,-85.34604507338977
-43.8458608529711,-97.92754536460617,-84.67568898321709
-45.617900265393814,-102.73679393314298,-86.19503780921124
-47.84371446067621,-100.65707508762179,-84.13954936983262
-53.95325173171727,-103.51020717479547,-85.83042957371549
-64.50096716227176,-101.79481100830247,-83.96576025014782
-56.36951735488498,-98.30330093919294,-80.74741126494536
-51.54185801665966,-100.9320306810535,-85.00511783463068
-70.99013520953491,-102.368950707957,-84.51074245941165
-50.13680080345739,-99.98353445687215,-82.06369427432043
-49.46932381806562,-94.60709479620141,-80.22036623641195
-48.60058541169815,-99.48693851143199,-83.78046949334663
-53.288947339085496,-100.78031138049394,-82.64132241364872
-56.14546140019104,-100.40829139698185,-86.33300735758567
-46.08475694287051,-96.75653167006593,-81.54576211695041
-53.7338561747153,-96.58424637179236,-82.18025120143056
-41.567388328442235,-98.53073756188768,-84.91600469336373
-52.25885920563951,-104.52133822051829,-86.5756274503244
-51.567520604226445,-100.14049162279038,-84.40555941339363
-67.55848417591369,-103.29647559671224,-85.83551476086785
-49.57852750734878,-100.87328451338708,-84.04904923570473
-38.09147445210141,-101.63179069734157,-85.25530065912677
-59.24626163834631,-102.6738633480783,-85.09341597249616
-53.54850638920908,-99.32196693919421,-82.38371025709023
-48.453651322495716,-101.09604202704651,-83.6257045824092
-63.313754258876486,-104.37605196004722,-85.32426652556984
-52.207861975398714,-104.36178277048408,-87.88503930830768
-40.105130863961676,-100.25805322988595,-89.10302970566028
-56.44058640865245,-102.81380757282861,-84.75498854180067
-58.460521547290966,-103.60384407720542,-84.77619652931386
-56.865368104381844,-103.71651955601313,-86.40629488912151
-54.84814047447185,-104.09342239292991,-87.11518147485793
-48.285479753467314,-99.76551933974739,-82.73061459938957
-58.59074018870018,-105.95656997658335,-87.22615558053886
-55.068286637038796,-100.85580777728073,-82.74871841999438
-52.16059678746683,-101.3681704910852,-84.16741357123888
-40.4395377088735,-99.11433767746642,-86.18492163786662
-53.96164270928551,-100.02226686356401,-85.67093688297777
-48.54245070352596,-102.55048493791243,-84.44296833791941
-53.189570995246584,-103.69307832275666,-86.88901016148469
-42.95300039988524,-100.68675015622304,-85.35536574493193
-69.42184302663497,-108.3834411593331,-88.64452353765242
-55.75183260301185,-105.53239410540363,-88.03391091645562
-64.4922953735109,-103.21685852942585,-84.89898609092148
-55.36824834602072,-100.43943906999472,-85.01951534518331
-40.65089925279881,-102.25955048432446,-84.98913011244741
-45.128209868389604,-101.10737544762345,-84.95681725957313
-39.98241873667615,-99.80224356703633,-86.08959491995031
-41.73576131539687,-99.9027077435434,-85.24846071025989
-62.27390367286125,-101.91574097212812,-85.02934669420034
-32.45026416616372,-99.39539825606401,-84.24678506325274
-53.355442821357144,-101.55560688493522,-85.82974134977127
-56.322665447293105,-104.26734603512044,-87.15111852498548
-54.20717984696785,-100.5247384781124,-83.34042097239923
-59.49391640683871,-99.76278989646278,-85.30778860053476
-62.86937062285779,-104.34315577549914,-88.76985533110262
-47.476339853568106,-102.33635033440537,-85.54175457296219
-47.56568185490522,-94.45037676979537,-81.27490032139622
-65.43738655953234,-103.35350263616367,-85.35927383392713
-56.21644923934821,-100.86272594659587,-84.22528228735459
-52.31063364930441,-103.99592058881174,-88.17598878435692
-52.96791653467051,-101.98143112029568,-83.9582514191604
-45.49961856650674,-100.67559236020561,-84.98283110568175
-48.81883896678028,-101.09729957169529,-85.87287308198697
-48.728579937856864,-104.48166905493773,-87.1608577437485
-52.53967646327334,-102.32702546092389,-84.47552941485623
-38.16030578491859,-98.37716200710587,-82.13180662573484
-64.00070791326829,-102.50904312602916,-84.82941386325173
-52.48483548308309,-99.6909200576924,-86.64702941977768
-62.70481027792982,-103.92978353578592,-86.03302140831101
-61.53003663413813,-105.7317556940217,-86.14126795651785
-61.66053310962042,-103.80484133891571,-86.7075187802302
-50.190344440026536,-102.08813874002581,-86.52556365344034
-38.9091933345934,-102.22438587166039,-84.48433818392374
-39.90974734921281,-98.40347123620505,-83.58260006701302
-48.4946497541639,-101.56318875069711,-84.91647133652168
-51.271386973933204,-103.93436606308971,-88.2125790546402
-44.17859724603801,-99.27410288854819,-81.85036533734663
-45.42535298943528,-102.62645464963408,-86.3417589884038
-53.05332619067087,-103.47234911036833,-86.39747504024666
-49.456005878288295,-103.49488930676384,-86.21849836900299
-48.62749090921574,-101.0227526519896,-87.57658735602035
-53.17748470423402,-102.3374792161818,-86.54812555086318
-53.39111841210831,-99.82525928035759,-83.90716531945961
-54.53635817529448,-105.67428905829281,-87.70405727903358
-44.69304226243588,-101.2217118921476,-85.74943285913925
-52.798803537316246,-98.54345870032839,-84.2362084053702
-52.77224591186979,-104.35930469858005,-88.0923473833191
-49.131994477215926,-99.4809759355427,-84.40088829967388
-47.59779303796131,-100.17860683629296,-84.06880599034082
-69.29445440319608,-105.4222968082846,-83.54549443964385
-46.71572286405382,-98.41419344042501,-82.2693828439159
-56.84227966649337,-104.62922943508065,-86.38504117281963
-56.276123944000744,-97.55128963073545,-83.35486519372068
-56.268756176408374,-103.90031540873245,-87.02340574428163
-61.80568091872618,-104.16835453299274,-86.94585408195432
-55.889149998739185,-104.81209151967988,-86.92388342776297
-42.426189052582856,-103.7615890876173,-87.9899683331507
-49.416267786385106,-102.50535422100488,-85.35267910930548
-66.5394608346503,-102.23486609580459,-83.67810118845658
-44.99997437048796,-98.12375390384446,-81.75385142961287
-53.89776625401015,-101.98612420260011,-85.8962510081788
-59.95967417595256,-103.48400688043611,-87.84540444463623
-43.70399758829262,-100.27428530715889,-85.94944975822554
-48.26688139912744,-100.5067185118258,-86.18844270413251
-56.432582608851135,-103.23995597340141,-84.6109595166608
-57.68008230734159,-102.66594751086892,-86.01644773190051
-53.26660993000149,-104.07788196953734,-86.16470779816504
-44.92359776529821,-99.83155160711217,-83.71129986580802
-46.80072787937206,-99.46053477564455,-83.52652968654618
-52.29897812646419,-105.85043456185534,-87.86135338567823
-60.38788860671656,-103.78634074249482,-86.93447111045494
-41.29841405014082,-97.46962302930169,-84.31480434411904
-43.81807601047342,-103.08962315382149,-88.01340209555141
-50.60886242324773,-103.90877675617259,-87.41303251465764
-45.20258392512949,-100.6141740434773,-83.04410277635418
-44.23233675763049,-97.88113902723723,-83.63049565322903
-61.43688407221464,-106.56567896143326,-87.23300835775476
-42.75393081132461,-100.1087130204156,-82.30012405221814
-49.11902345476665,-100.21638352811047,-84.15899624198808
-56.836295319954786,-99.15986308277266,-81.33450007344834
-58.73697062089991,-103.49518437195195,-86.51622417214239
-52.58771545695316,-97.07140386329836,-80.27407362751853
-52.466699592815075,-105.70514244607728,-87.52716671709673
-62.00333993877774,-102.93637199729662,-86.28281885577078
-54.118703359509084,-103.02233476888969,-86.068201378475507
-40.807638672785686,-97.05209997923902,-83.70260626719883
-57.62966248638105,-104.4452425218021,-86.56093958448314
-57.77866759759445,-98.7525803966759,-81.3424719395907
-40.57316684036755,-101.98314882365992,-86.85899695643215
-40.68784923087094,-99.37353463678991,-85.17881354216625
-42.962726681861966,-98.061869106319,-83.5622778475899
-52.96031686150934,-104.43654957232472,-86.04073341901474
-54.061561257580706,-99.7436897004421,-81.61410523752274
-59.49893939703668,-102.43334717715749,-86.27606771269173
-49.74291141905235,-100.64228474355419,-84.2867836909255
-47.53681818270576,-98.55583173871467,-83.79373785114397
-50.30689689901976,-97.21134523150157,-81.78414792318502
-59.574683710232364,-103.80050577506265,-85.94614963440004
-49.96952481866276,-102.43432250066121,-87.28978987815691
-54.6276806862457,-104.63104161619553,-84.23746488538413
-50.04218118267818,-97.2459811874982,-81.1535200946071
-48.98510444502301,-103.39531533331895,-87.54492220739203
-63.28560656587604,-103.00091441691325,-86.2575048690487
-60.977844530038055,-106.9735454763602,-89.54298511015182
-60.77218557836625,-102.42344216345997,-84.1327256287562
-55.567342585427355,-102.843734651954,-85.63605826442168
-48.60518777812905,-99.9396827203233,-83.8754998028755
-54.29880179159545,-101.02376029094648,-82.35002043184122
-61.846187990533736,-100.58956030332178,-84.45035958879328
-53.7646717248042,-99.11996336350497,-81.77801169944414
-56.09712212360978,-101.15035937264764,-83.77436786495389
-50.02220646283854,-104.25100137123931,-87.69574076435237
-55.009531921795315,-103.84742277325299,-86.60663954341216
-60.92587946868241,-100.18686377128466,-83.92068175060923
-51.56561482024256,-99.7704237709847,-84.4826522593651
-48.43607608824482,-101.89192578436706,-85.48185757260893
-55.48872279535732,-100.59896439011412,-83.73881009360976
-49.00865880132949,-104.03337876331545,-87.76426346594647
-56.78622486305238,-103.34056778960843,-84.0198084356006
-62.765622098379424,-105.16673083855336,-87.66579473758642
-63.03537119623826,-102.85987733980649,-84.64240945916438
-48.50117124327727,-100.4653598697204,-85.65465107591145
-44.994336523906554,-97.88332096747664,-82.06985759544496
-51.7699865030998,-97.81921414366502,-84.55157571619289
-41.737210389930794,-102.19402281587978,-85.77034862696884
-48.28929485759471,-98.06919879647364,-82.7178611441979
-65.51897177360706,-104.40141044620698,-85.4118305172858
-66.54758209046503,-102.30820365314034,-84.24680128596768
-62.790762922227884,-106.9452513918782,-86.53771641160878
-58.02935976536975,-103.95385413658128,-87.2219684773555
-50.762521964219445,-101.59520495223117,-85.50314451275749
-64.37306972119694,-102.48925696782125,-83.66459367025595
-62.308929728119665,-103.77598820642113,-86.19834881269469
-62.66844347894295,-105.47003344617777,-86.5195393460046
-55.127444674345384,-105.11393317429088,-85.91310040897841
-41.91640012223394,-97.91671701294214,-82.23039334848988
-50.38896203492607,-100.6166108346996,-86.16622486206492
-60.65130101316066,-101.77301231519938,-85.25185445828636
-52.028760855521284,-100.421475944999,-83.7423791254983
-62.169446504581,-103.34969415782291,-85.63307627334129
-59.81226470982568,-106.79732500181106,-88.91386399617225
-43.95458881937407,-100.07717252504025,-85.00387698436364
-56.062167189393904,-100.13458193203459,-84.59445513043354
-49.17972974224347,-102.07554907614903,-85.70979612296983
-59.417555591936434,-105.21254986599361,-87.74714515651698
-39.52517092716465,-98.99936546864532,-83.39997107745148
-59.36428219625526,-103.85138260084747,-84.534949072888935
-63.32873280364629,-108.04723440703513,-89.09924719952046
-46.183938042938735,-96.82167860675202,-81.59705838683269
-50.47877579876916,-105.02415587512601,-88.59663253938024
-19.024497998831976,-92.8946778725136,-84.48531023880729
-54.50569229419199,-102.37521497611475,-84.87590150115167
-59.57172238282345,-99.16057815967395,-82.29133250618005
-45.432470586763884,-98.7302647888828,-82.18687672551874
-60.357211649775536,-103.41430653786539,-86.63386544751765
-62.40199051659533,-105.91578440978971,-86.77804538679389
-53.851930229522964,-104.47653779305313,-84.75926890795537
-55.64131109480252,-104.08600401916526,-87.26126315739342
-43.15541805802968,-102.77851388028239,-85.9364759737681
-36.44750941552877,-98.54866107525007,-84.32214052450934
-60.38450081252006,-101.85305773611584,-83.84560776587472
-52.056756097880054,-103.94684915392764,-85.69275231187333
-43.64440182841622,-102.57911971564243,-86.26488527795038
-60.93534297192906,-98.69405921442615,-81.84393359276282
-61.757669093705715,-103.82695512729617,-87.84652351320258
-54.220478157340324,-100.76218727967407,-83.52945517795229
-61.79174319843628,-100.94563029414097,-83.29653869485003
-56.92042590282193,-101.45655184456588,-82.9507785776042
-58.868068452814896,-102.61767679758162,-82.35414554864522
-31.513035567077964,-98.30120505472586,-84.12425527740271
-59.5421678057578,-102.30421616862799,-85.50612516500851
-36.20906463886621,-101.83752871804768,-85.32497567092894
-52.183597862587646,-100.90189038163086,-84.43836472901624
-63.35747632059139,-106.54581467521231,-86.97723472419469
-54.74044001261882,-101.31094720412688,-85.5672871623872
-40.57421368415049,-104.96644690538882,-90.27699407862033
-47.05262256540385,-101.79654882506722,-85.75306196364913
-53.60459961623474,-107.1053608480776,-87.85125170579252
-59.75136579021489,-100.79881236226959,-84.40617726838084
-47.54709586737323,-98.07506488377757,-85.03417460268055
-56.57426957153069,-102.63928006940048,-84.83700761226866
-62.089418501516946,-104.53206674061568,-86.21453619542874
-67.83148343590352,-105.00945249046814,-86.25033069077594
-36.40608899036965,-98.04098149442368,-84.10918235938442
-48.977561500537206,-99.93865144406436,-83.993050674806085
-49.62602611504104,-101.31861731221619,-83.95139767890308
-49.1435226357753,-102.93112387474673,-84.39621284281095
-38.14481936647917,-99.47865049923803,-82.85863808601417
-47.63855935911255,-102.58511670768146,-86.30518859442243
-45.41552534823592,-93.67646598095885,-80.20869379381291
-55.96770405469033,-101.12820253119126,-86.17467296254495
-40.49917158788662,-99.0785625975764,-84.33682127992378
-33.44481480526366,-98.41606646961924,-84.00729185240529
-40.02815027954051,-95.67367434865326,-80.7488997446735
-44.31437088197123,-99.96527458126768,-83.89984300389301
-58.45143697977028,-104.46072621405452,-87.03243147864654
-64.39619882578955,-104.9352412342789,-85.11462786627006
-60.50265640871106,-104.60566474456049,-86.29782553474189
-55.25301033095758,-101.80981004531635,-85.85744721072814
-59.21803808481212,-106.84535600980405,-89.95145485199409
-42.03352387599722,-100.41740721660405,-85.19177124260845
-47.6677218709782,-104.02994645441514,-89.45947684419995
-42.969618902802324,-104.78832311662615,-87.26678268392078
-59.848078792926344,-101.96243272398796,-85.75842293032032
-49.28800705218737,-100.0687097873816,-84.61128256740727
-57.72063135220668,-102.25388088124798,-85.95257063406048
-52.32421493131534,-100.48419190559241,-83.45963578115078
-65.20712611595377,-102.10313445088897,-83.7877812027831
-52.78173971588075,-101.03850867704973,-85.46867192887265
-56.46368238751495,-102.75181830810757,-85.52149605331027
-39.66510479372903,-100.56131874473584,-85.10793575561016
-60.925476211591445,-104.32388361875704,-86.45104043199962
-61.06315279646145,-104.02894127216211,-84.2443000934441
-53.36626418157164,-103.09190761175367,-85.73884006850228
-45.0710305918189,-100.97828612056007,-85.85201018148607
-56.39988637795574,-104.0014990240888,-88.32922168193454
-44.639349560186076,-101.42312041268043,-86.37934693719949
-49.51792298599281,-97.85055668148024,-81.76546597407503
-42.80283577174657,-97.56884604941115,-82.39323772953836
-44.810062222011425,-99.90471683107754,-86.10026080505185
-54.04917047883902,-97.76499087396655,-83.51023999015527
-37.30649128650629,-99.19489809030901,-85.50392061995726
-36.904854903824855,-95.18636956400746,-81.583423808987
-51.363632730394556,-98.98487998113998,-84.03218612435447
-50.82236367527719,-102.91950725870619,-85.4696956750583
-49.016560043502125,-102.11665825504657,-86.37407888292799
-38.4163325450574,-99.02496716680298,-83.84326756932565
-62.077069169094216,-106.5920753386886,-88.29526420922643
-37.8615625363542,-101.9226329868335,-88.66136085076
-45.81094049488854,-101.61572219363114,-86.57286427605601
-51.29212163586135,-95.43914873970724,-79.21090625061927
-50.21340474361409,-97.66630085166713,-81.23176725333096
-61.22966444805053,-102.67421615223222,-84.80189168686239
-59.53829228713778,-105.739013244227,-87.70164885472516
-59.272896321750125,-103.20968592631232,-83.35852255095328
-58.58521689484644,-102.79699994700076,-83.21838619185027
-57.66635545310771,-99.36516036402804,-84.78894189468966
-47.82761388967805,-100.76280091131508,-82.693626772995
-61.05224607430756,-106.49023037679592,-88.45025164323728
-45.19542877426346,-102.61793503603911,-87.93052085990911
-53.79591178467382,-103.20157951890454,-87.72473505056612
-32.73245212909927,-98.48503680846662,-83.16953726309332
-63.48498428024561,-102.30339503119012,-84.50148457455633
-41.894789609717236,-95.17109146143382,-82.45228775221163
-56.83811980999184,-104.35406725546898,-84.93452855362005
-62.58616080097937,-104.33509464570547,-86.95079871341542
-70.75348205489752,-105.32384463609226,-85.39862401800784
-58.22749842891574,-103.15879054935141,-86.51384582677241
-35.52443555094163,-98.49666902712917,-83.38939577981458
-56.5777462715634,-105.04927153234952,-87.27951385082125
-58.191289891676774,-105.43239206470317,-86.1558559652571
-61.01048005492237,-101.71458646578583,-83.66824340938777
-51.96450308089226,-100.14305820012981,-83.23416903392047
-60.84793298931987,-104.97526939746417,-86.29850978851658
-51.45961053532028,-98.60687119735574,-81.77990410427192
-47.93433696662953,-95.88810307277805,-84.10578998534763
-55.051535730610226,-102.87035524823622,-85.97428518748089
-47.26726880122942,-99.99351888890419,-83.3491578627527
-41.787220527249644,-100.13941113133485,-83.45258004009564
-50.54259749751736,-97.65620085920729,-82.69406038980458
-48.1333557581201,-101.83378663010332,-87.65358706063165
-62.433757490732035,-104.8502075069148,-84.56212915793111
-60.45027268996034,-99.80918994582946,-81.87866157341331
-70.97156273645038,-106.90373868249256,-86.34686293544101
-65.23604572932345,-106.09663599734328,-86.87509752829732
-62.30165458865423,-107.63529801532218,-87.03831550593276
-45.36391869459874,-99.6439473295184,-85.29091278960487
-64.19184757177868,-101.56620983938038,-86.51482836574552
-50.92211696077709,-99.05627691304458,-83.50566613030875
-53.668144333596445,-104.11028843241735,-87.51750560728982
-38.77455542686636,-97.1873314953821,-81.64375033066841
-49.358527403731955,-101.17611551672377,-85.01628916728896
-56.53796188287316,-104.51798161496403,-86.21989202054047
-51.043375305651864,-104.10146697729428,-87.06856806812021
-65.92786678528131,-105.37295222108017,-88.31116829249777
-46.392846751219736,-102.41586910458943,-83.7091883858771
-59.84806299403806,-99.99442888179442,-82.87493268033302
-62.63208728844228,-103.93088281578716,-86.06918244527338
-59.743382777286115,-105.07535957147141,-87.75087403183724
-41.417705441419116,-99.73293613774742,-82.63226621351008
-53.56180814607666,-100.20910568053998,-81.02755847255881
-43.45719816788687,-98.4043057689049,-83.54213011223459
-62.098166533407664,-97.73810848363856,-81.39936627864233
-58.67019617934943,-98.68548514802065,-81.79258938647605
-51.318855634936654,-101.59068855590866,-86.30143366807853
-45.33342706616389,-100.86018114759325,-85.27099573644361
-51.82464585688541,-103.14059577929605,-87.6506260888965
-61.19445429344819,-104.77500571091356,-86.24850956273036
-65.2431458683136,-105.08030263050989,-86.99865225955944
-49.03369598061698,-101.34805789414959,-84.66750614554213
-52.33552643621425,-102.56341323275036,-86.32772800809909
-52.370842684101035,-98.38491405787332,-84.15342670976041
-54.364626722218986,-100.56438951978794,-84.57032289822558
-74.55287566423857,-106.75279542239004,-87.55586333678998
-58.55871448636964,-102.5271678968565,-84.97413116398138
-46.273894945290635,-101.43948570775308,-85.1792747947967
-64.02304317280408,-104.16271691244941,-85.73806541369548
-62.60201153651906,-104.38450731318366,-85.47104537738076
-55.99176704887611,-100.77859560399743,-84.1245404037239
-55.10939386843637,-102.17649847066033,-83.69999769505617
-52.97417660758873,-101.59668244680404,-82.77390354737129
-51.158766266022894,-100.15063900239386,-85.44353448844961
-34.9617243268857,-99.84324438964899,-86.38320177133377
-35.301080332238996,-99.25968466288131,-84.85831075239653
-67.01999409900827,-107.89153560237207,-85.16045388146571
-71.464698689416025,-109.42340033163654,-90.71714474076606
-41.99327862168667,-97.88473062864101,-81.86217096376815
-53.76809521954192,-99.31403800984012,-83.13482100889837
-67.92334219133534,-103.91254143572448,-85.89153206105213
-34.44108777183743,-93.24896978192966,-79.98611187938826
-56.04342491447261,-100.20111859514122,-84.98536636350019
-68.09969989379363,-108.51014257813263,-88.63645041206469
-57.950427452018914,-101.65946204123512,-84.79870082759032
-46.76028342191228,-97.18932777562588,-82.62125678812293
-55.50642673534196,-104.26940037755551,-87.3360887113198
-48.67414486951748,-101.2431352496495,-83.87302613231708
-57.09953204107791,-104.03997480471646,-84.13474308920462
-65.6892490961011,-101.60328308477702,-83.58820715215506
-59.59936317361968,-101.81788136028534,-84.36436082555906
-60.299096839087554,-105.4513358603846,-88.22700120965982
-54.47138704758595,-103.12088093087749,-86.9054255340541
-46.984333721000894,-103.78702645135495,-86.47050890836891
-48.71595862593182,-100.6690314045992,-85.43339252396166
-48.938877919600714,-99.21897869362309,-83.38787001286259
-50.75143156506101,-99.50089884678269,-81.95006726568786
-58.50329844842099,-102.77434509287896,-86.5185332380392
-52.1589688179306,-99.95553789938008,-83.82515302338119
-65.68758595632568,-105.4547233705611,-85.96838734707251
-59.595672100068214,-99.223179139500985,-84.36969371254338
-47.745750908967636,-99.1168883550404,-84.39081391873744
-52.33394491074421,-102.3353925894539,-85.28605427398608
-56.22519335157352,-100.63898937153488,-84.38849765703425
-64.366471996668,-103.94511116190503,-85.77257142144109
-44.95578060755878,-100.40671857210782,-86.31513648733245
-54.78529703375722,-103.94132791394759,-86.18301557938025
-51.08949669287426,-102.20437745793305,-86.15615121312426
-58.69320379350404,-102.63791753831472,-85.35740446066059
-62.8693950881127,-106.44197926053977,-89.10945385110222
-59.14847932681192,-101.71179431948732,-83.91385710036086
-52.34351523204941,-103.35091019928734,-86.14352912657435
-59.65127919615185,-100.1173853305383,-81.40089914389951
-56.964544221234235,-105.45745485360007,-86.08201127258498
-54.963164678249484,-100.29631748185356,-84.94757201464387
-51.56217445648656,-104.57522892093084,-87.99434032750798
-45.5030610881459,-97.98679215566196,-84.42153334147082
-58.67107455216444,-101.68539381359898,-84.55794183402122
-58.115266358586325,-101.14675492560885,-85.4051656796017
-48.02337802003859,-102.67317809197425,-86.54792258762282
-63.71970908618641,-104.14627102567248,-85.74270596030925
-53.058573373196225,-104.7166734091779,-88.80938912727173
-47.44665241588643,-98.82851539760375,-83.3941245703255
-41.21335967193386,-97.09797033411634,-82.81487274909907
-49.59478322688119,-100.0077453262822,-83.40253779711114
-53.49621307796326,-101.1369950427714,-85.94113176097258
-46.221605637913285,-102.55335486310611,-85.90256710726442
-50.452875402950326,-100.76053097628098,-87.39506808941651
-62.26332974793047,-101.14214359192044,-84.43227291214933
-46.167711974221675,-100.90371617683306,-85.15012858711309
-49.58009854763873,-103.72997235560968,-87.18396889951639
-53.156874480620786,-102.87242626195008,-84.98153926479294
-41.07331523249866,-98.19848618546693,-83.14500141739349
-60.744611224392884,-103.94709916964027,-85.02014411255888
-40.86736859546198,-102.88308070888617,-85.75386259207686
-66.23215528194993,-105.59018259827855,-86.79584285711734
-47.82997568873691,-98.349909093309,-80.1606342580977
-55.797955962260744,-103.42468312837678,-83.31092482694493
-37.067130608993864,-103.25129370775072,-88.72631567705648
-48.374606123994056,-100.39911666559406,-84.89199080517653
-43.5087341854973,-98.8955263946305,-85.44728946561443
-30.483607347201826,-100.10126355091452,-86.18091196937836
-49.599021798559306,-103.02936837734833,-87.93277660738583
-51.52567890518969,-101.68183015522386,-83.49538960159902
-60.60707741840315,-104.12053956446327,-86.38214170266838
-60.616060138571015,-102.03954849112763,-84.46673763024904
-46.260980192572106,-99.68105832378654,-84.8339385450912
-63.42402393516409,-102.85027235418401,-82.79432557804276
-47.29761364587165,-101.74028188059481,-85.9748325122845
-41.790502553347096,-102.47022266048256,-86.5796834535135
-59.330479764103416,-104.33826128272634,-86.10522566641946
-63.648596986610755,-105.08427800406704,-86.87222189472492
-53.62875641745762,-100.17274404901119,-85.97549562163991
-54.59170030580111,-103.50673627844387,-86.48871877587256
-47.12211421627751,-102.8018358835465,-85.82205121206846
-41.30883849084995,-102.06401589861056,-85.02843372539623
-51.844547365059384,-100.29136585892451,-82.07599416032438
-45.5864650895997,-102.58608570740444,-87.14775253422843
-51.36265425539858,-95.92747989906913,-82.87204498538078
-51.30224108777685,-97.7292611185447,-83.2380867835206
-53.161081421264555,-101.531460985911,-85.22960864651947
-47.17018009396509,-99.68700787688337,-82.1691355950274
-46.57958517907423,-101.64269874725383,-86.45130888608838
-51.85752671026046,-102.02605319055017,-85.72056251657624
-45.96584733241218,-100.19393137706875,-83.7043690069685
-49.787294709572734,-106.23299377061966,-86.15629682798061
-48.47609244899479,-98.24811468308977,-84.45308310684175
-57.58704475040548,-103.37837848665805,-84.04959208702874
-39.51857312970537,-98.1391500312663,-83.11815582069508
-47.79732758648606,-100.34685956324768,-84.2225438152781
-62.60210708632826,-104.94080907928392,-85.60392495625767
-63.16367026760645,-108.44268819395293,-86.01172504764817
-30.899204732318026,-100.70040709895743,-84.75606990809007
-37.454349058449225,-95.420747216733,-83.22468169006362
-51.82192667344208,-102.20845099531255,-87.12130745216999
-70.75407117332793,-104.43434802623723,-85.06484111184017
-58.214100655230766,-100.17265074788654,-84.4611201878932
-53.74079984591043,-99.84367119368981,-83.30519368882901
-51.192515067572,-96.84763365227593,-83.47329818359539
-52.346112732266874,-98.64181223424991,-83.32078224786363
-62.456166457618,-104.15856091749058,-86.0054872678027
-51.46849927134656,-103.70772082316104,-86.49757859344389
-57.01888013933501,-102.865134708692,-84.61560982540237
-60.46309019278192,-104.07186656130845,-86.37382438625079
-31.840554165022752,-99.64842617954521,-87.56264808863598
-55.520142832520094,-103.92267311002827,-85.40750813960898
-51.57446478351551,-96.28920444099987,-83.21441129270306
-48.348790048463115,-107.26674377573704,-90.32408132403529
-49.218681693941676,-103.29046730318532,-86.63037099040683
-61.893376179452105,-101.69381063873013,-83.01034099406536
-56.759026136624755,-99.76020854629614,-84.28061620961552
-30.094781497964618,-99.90660285029881,-86.8171647123721
-50.14474159499616,-105.28330891863445,-87.39894613107433
-57.880467623166,-102.73521983263751,-84.68655675125945
-42.779585727418635,-99.35517435128077,-84.98662373631885
-55.48213891492321,-100.97097124234537,-83.87421129422054
-48.31472457264806,-100.40786973859915,-84.6378874447251
-52.41946316864403,-103.81676538247523,-87.39050787097631
-41.02565650982257,-98.86012135925735,-84.63133199044935
-55.25851383083028,-98.79817550866981,-85.03898476812775
-37.92042223774024,-95.15026941547774,-81.66258673752196
-56.440403610383044,-100.12982543138433,-83.34361555615746
-64.3564819639904,-102.26151431955515,-83.73540689768043
-44.10181546824123,-102.95359379571752,-86.639675751449
-75.08954668596186,-108.38564257305809,-87.95141653265568
-48.06465043031409,-104.58999527012497,-86.79919607880473
-57.5577908910264,-104.05999630939921,-87.03451584048524
-45.346686643711166,-100.28592215886889,-84.88806914765523
-55.40967029218751,-101.4088645059762,-85.25007854046612
-36.36120688160685,-100.36416029958808,-83.35449965119346
-63.18077253876436,-105.392825841399,-83.53006927322241
-54.87930167903221,-97.13005732720292,-81.9074204714036
-39.577328162251604,-100.55911900480415,-84.74123952345384
-55.82891058520704,-98.83491542353387,-81.54850705318032
-31.905660401639295,-99.86639192352234,-86.10342880557664
-55.13118184686681,-103.08615010536383,-83.04438420262143
-43.90477063503812,-103.14125933244961,-86.97759358122431
-47.787271705740636,-98.2771658302093,-82.62821441633851
-52.5481600461963,-98.02658751834308,-81.55790083704129
-56.23238986611398,-102.31761268842659,-84.0388063331195
-65.3761403444089,-100.59640956483747,-84.71687984297199
-60.44623935423061,-106.51991531930715,-89.45485205150109
-53.52095937838533,-99.0555309537622,-85.4875593293079
-49.62491646902407,-100.87377408073114,-85.21947890052576
-55.20036614999151,-98.03926559294577,-81.99445008568847
-57.57238326215827,-101.65369980118726,-84.45075874046734
-59.188870175380885,-104.82289814399081,-88.2586227027987
-59.37416103903519,-106.92078804255212,-88.13561485522109
-68.07408252603545,-103.23347722386086,-84.61071733892221
-55.9460793690813,-103.20535918543771,-87.71402856518398
-65.25277870611365,-101.3079356978237,-84.2565027761448
-45.520727331755495,-101.06555180373773,-83.70526240577507
-56.540636762690156,-103.49119684345354,-85.2122834942162
-62.01837812254104,-104.2098117192111,-86.18108842011922
-56.45506936855389,-101.99860994102201,-84.5206662738731
-55.76212375821518,-98.98819641164933,-85.91917839055229
-48.125135659050386,-98.1232984419582,-83.07994739955923
-47.13227759451598,-103.68865604025916,-85.0319729672859
-55.93000580363588,-100.32984807894229,-84.56550052890319
-60.410658825767655,-100.34278437370284,-82.75450719747505
-51.750554614333566,-102.14953339553263,-85.90137541019823
-58.75855219900569,-104.49582998160857,-84.81214491420788
-45.78901933727195,-100.64551725238967,-86.29272031045348
-48.273409930608125,-100.08377143080928,-85.34562414396822
-52.31677644777437,-99.00141210624022,-83.51012113719946
-49.49471479850439,-98.24829979442362,-83.83008117559567
-52.70414457142414,-103.08294068346848,-84.22387200445812
-52.46484659126952,-97.4172166068957,-83.76423234109612
-39.41203603564662,-94.8141027671922,-81.29562218691208
-52.29230067875454,-100.44003060290328,-84.52357231043649
-56.06092744593826,-101.75304570505256,-83.45652269870229
-59.851842959763644,-104.58726982549159,-84.74181039858536
-52.84810228905695,-101.80823099307902,-85.42147117570946
-45.288138513793,-102.27454947523448,-86.70545765643305
-49.07096542498522,-104.54296446909515,-87.682847110392
-58.74203568314766,-105.6438347941318,-86.97360078359706
-51.74132068703159,-102.09418958289032,-85.69357034130891
-50.30653522502428,-99.19881241048782,-83.2290951003695
-48.72993317171961,-98.5140968306699,-83.14409442057111
-50.08257745435043,-102.09783744686537,-85.26779266982624
-40.208435287784994,-96.62022850027478,-81.2557641617397
-55.1418109956324,-104.61717987074269,-87.13499698853185
-51.30813505614674,-98.728028855426885,-83.37477729295136
-45.84523273925788,-101.12065453556653,-84.8450523971618
-44.2571860909631,-98.25792945233275,-83.38702921972273
-62.17468529274663,-104.95335172554512,-86.95709634081975
-46.52505173495723,-102.2509311013317,-85.65109708132114
-48.73389972350981,-102.00351892980407,-87.05539408124724
-47.34385650617588,-99.27204697265688,-84.35089129852142
-60.04214223945161,-107.30312572013001,-88.12217021689109
-61.40205271084466,-105.7162134095757,-84.62181542327792
-48.41208220994952,-100.66690422545811,-85.64108871027277
-57.9420212903247,-104.13408280742759,-86.23255210204124
-47.51498697699299,-103.7832138937842,-87.30227458787519
-45.174897116676505,-99.34545215433793,-83.47446809088498
-50.26485841655807,-100.76319536040546,-86.10361624157777
-60.0877845549158,-105.07248476227576,-87.81476566965925
-52.87192931686326,-104.18145060911813,-87.49985931851168
-40.359616944803065,-98.07430346991859,-84.3252589425597
-42.984796307232955,-99.69057687417366,-85.4638501407273
-71.46363972007111,-108.87561002611844,-86.8106511371254
-71.05384424237491,-99.6921636718166,-81.04202696818692
-57.05099025201224,-100.73489801554219,-84.66890863805133
-40.418424998698754,-103.66320243373603,-88.40795239109652
-50.71892264623733,-103.6364400815165,-86.57353193347043
-30.80469476626007,-98.52309544099785,-84.6190333594907
-52.37768464526607,-100.99728205057873,-85.10035860308909
-45.56503995641998,-98.66800539255699,-81.8297904982173
-46.373978271689566,-101.10425765249049,-85.97797428668619
-59.21985646647374,-103.002504613735,-84.52738654522386
-34.135199195185464,-102.23286682845502,-85.95796930278607
-53.58804388079068,-100.40717507118377,-85.39635022382092
-60.991686872257105,-105.66548862338476,-86.3506383491669
-47.938482941298616,-101.85145146418618,-83.8871530246104
-57.06978526434466,-105.92552767189963,-86.44583365162255
-51.757870808589246,-104.10546766767594,-88.6591630925256
-60.613753447810154,-101.04518216030172,-83.03817615597981
-54.09284810874482,-101.59882144750904,-84.0703608458874
-63.99880660436082,-105.7753140616031,-88.07176639783438
-48.30415852807488,-101.39515230340126,-86.22024437117574
-52.54994061235425,-101.09148400555014,-84.82830917984333
-48.61367043718724,-105.29087170390713,-90.75384435280526
-48.66978105637662,-102.00566000985458,-85.2511750097712
-45.124271548326135,-101.07779905550697,-85.75470393088165
-38.67654855614836,-99.44704456604686,-84.50350578452083
-40.01139713269259,-99.95570228166224,-84.28637393053992
-38.12285043007449,-100.2742800659895,-84.55422518719936
-53.80637454311193,-106.01468879484554,-88.51062034915407
-52.53119981660029,-102.33006732071894,-85.04994290970636
-48.160059586804095,-100.03994589990299,-83.4663406241916
-55.00962229195147,-100.91377093147608,-83.73092550962596
-64.30710207290815,-100.80713683890524,-84.4398299956597
-51.15002811852219,-104.37035459353065,-89.59401519941333
-47.94231090411563,-103.72946235717342,-86.25592511901132
-47.77857548108693,-100.25912751307911,-86.41839744411342
-55.477258147049895,-104.46962176545972,-88.2799419606558
-45.15991463899974,-98.9167969836741,-82.48023584687377
-46.789235067102425,-101.33026476381123,-84.35282087387152
-54.24811222313315,-100.66839554707693,-83.82164794909838
-56.84580400571872,-104.67147192832627,-87.23843096757332
-48.45104210100055,-104.83222633079171,-86.42779512035483
-53.090431962645255,-106.21417772084665,-87.255113746395
-66.12722458304364,-101.90209255939891,-81.97591394575926
-54.93533516405711,-101.86211167165945,-85.76361702620366
-47.71517860994783,-100.2228020068447,-84.60854931930805
-50.081198973860296,-104.71001667303548,-87.14815804451328
-52.9585566100443,-101.72561161984939,-85.3746153701442
-50.35618095365197,-99.34441910324932,-83.33417523890704
-65.4286254098372,-104.92106141877085,-87.0272538616894
-77.41543632814665,-104.64947707314566,-88.52883080933253
-63.01691326280513,-101.32620295981593,-83.24921976411704
-55.38098498730932,-99.61022598291056,-82.22877441065717
-63.26415103708945,-107.67046791090812,-87.18905987553536
-51.57040803832399,-100.45055907651155,-82.47366933260517
-49.191651665827465,-100.00046930096313,-83.72048545402174
-63.84757823830171,-105.44712422331551,-87.39965067529688
-55.55957683816126,-101.33547420684664,-85.70603521947267
-55.15133155202943,-101.70249830434344,-86.55737541736534
-42.95668776020108,-103.96222334521279,-86.56843458846691
-43.529836835719664,-98.85495888735022,-84.18682367903732
-39.523829600830595,-100.38894629087831,-88.39454609572985
-44.35903932121988,-104.79019941907642,-87.17270862405154
-59.62426003243149,-100.62990329195209,-83.32021201378438
-68.80317354600982,-102.51624441357798,-84.32774056946486
-51.566179648362436,-102.86734247951257,-85.72986713368212
-46.74448579842414,-102.00008266158459,-85.9114830983878
-54.9981837860434,-104.5996369249206,-85.83746604923853
-40.27049035800184,-97.78347438833615,-83.09999487331051
-62.37271529221084,-102.93878919105529,-85.02659784773773
-53.823991570301246,-102.0312312086593,-83.7083656376493
-44.4938590709728,-100.46165434827135,-85.26159412364125
