class_type,class_name,cover_fraction,cover_sqkm
benthic,Rock,0.1684,3.8380
benthic,Rubble,0.1399,3.1885
benthic,Sand,0.0079,0.1790
benthic,Microalgal Mats,0.0011,0.0241
benthic,Coral/Algae,0.5323,12.1306
benthic,Seagrass,0.1426,3.2491
geomorphic,Sheltered Reef Slope,0.3610,8.2255
geomorphic,Reef Crest,0.0021,0.0483
geomorphic,Outer Reef Flat,0.1661,3.7851
geomorphic,Terrestrial Reef Flat,0.2856,6.5076
geomorphic,Plateau,0.0482,1.0985
geomorphic,Patch Reefs,0.0075,0.1712
geomorphic,Back Reef Slope,0.0130,0.2968
geomorphic,Shallow Lagoon,0.0017,0.0384
geomorphic,Deep Lagoon,0.0268,0.6115
geomorphic,Inner Reef Flat,0.0880,2.0047
