family,original_id,verified_identification,lowest_tax_cat,notes
,Arothron,Arothron,genus,
,Aurigequula fasciata,Aurigequula fasciata,species,
,Callogobius producta,Callogobius producta,species,
,Eleotris,Eleotris,genus,
,Glossogobius biocellatus,Psammogobius biocellatus,species,
,Lophogobius bleekeri,Dotsugobius bleekeri,species,
,Lutjanus,Lutjanus,genus,
,Lutjanus argentimaculatus,Lutjanus argentimaculatus,species,
,Lutjanus russelli,Lutjanus russelli,species,
,Microphis retzii,Lophocampus retzii,species,
,Nemipteridae,Nemipteridae,family,
,Neostethus,Neostethus,genus,
,Oligolepis acutipennis,Oligolepis acutipennis,species,
,Oligolepis stomias,Oligolepis stomias,species,
,Plectorhinchus albovittatus,Plectorhinchus albovittatus,species,
,Siganus,Siganus,genus,
,Terapon jarbua,Terapon jarbua,species,
,Yarica hyalosoma,Yarica hyalosoma,species,
,Pseudogobius,Pseudogobius,genus,
,Toxotes jaculatrix,Toxotes jaculatrix,species,
,Exyrias puntang,Exyrias puntang,species,
,Mugilogobius chulae,Mugilogobius chulae,species,
,Soleidae,Soleidae,family,
,Butis butis,Butis butis,species,
,Meiacanthus anema,Meiacanthus anema,species,
,Ophiocara,Ophiocara,genus,
,Periophthalmus argentilineatus,Periophthalmus argentilineatus,species,
,Monodactylus,Monodactylus,species,
,Ambassidae,Ambassidae,family,
,Zenarchopterus dunckeri,Zenarchopterus dunckeri,species,
,Ophiocara porocephala,Ophiocara porocephala,species,
,Bathygobius fuscus fuscus,Bathygobius fuscus,species,
,Istiblennius dussumieri,Istiblennius dussumieri,species,
,Parioglossus raoi,Parioglossus raoi,species,
,Parioglossus taeniatus,Parioglossus taeniatus,species,
,Platax orbicularis,Platax orbicularis,species,
,Pandaka pusilla,Pandaka pusilla,species,
,Amoya,Acentrogobius,genus,Synonym
,Atherinomorus duodecimalis,Doboatherina duodecimalis,species,
,Acentrogobius janthinopterus,Acentrogobius janthinopterus,species,
,Omox biporos Springer,Omox biporos,species,
,Periophthalmus kalolo,Periophthalmus kalolo,species,
,Cryptocentrus,Cryptocentrus,genus,
,Mangarinus,Mangarinus,genus,
,Bostrychus sinensis,Bostrychus sinensis,species,
,Omobranchus rotundiceps obliquus,Omobranchus obliquus,species,
,Mugilogobius mertoni,Mugilogobius mertoni,species,
,Cryptocentroides,Cryptocentroides,genus,
,Calamiana mindora,Eugnathogobius mindora,species,
,Amphiprion,Amphiprion,genus,
,Bathygobius cocosensis,Bathygobius cocosensis,species,
,Blenniella caudolineata,Blenniella caudolineata,species,
,Cheilinus chlorourus,Cheilinus chlorourus,species,
,Corythoichthys haematopterus,Corythoichthys haematopterus,species,
,Halichoeres,Halichoeres,genus,
,Ostorhinchus novemfasciatus,Ostorhinchus novemfasciatus,species,
,Oxycheilinus bimaculatus,Oxycheilinus bimaculatus,species,
,Pomacanthus imperator,Pomacanthus imperator,species,
,Scaridae,Scaridae,family,
,Stethojulis bandanensis,Stethojulis bandanensis,species,
,Stethojulis trilineata,Stethojulis trilineata,species,
,Istiblennius lineatus,Istiblennius lineatus,species,
,Abudefduf vaigiensis,Abudefduf vaigiensis,species,
,Canthigaster bennetti,Canthigaster bennetti,species,
,Trimma halonevum Winterbottom,Trimma halonevum,species,
,Trimma stobbsi Winterbottom,Trimma stobbsi,species,
,Amblyglyphidodon curacao,Amblyglyphidodon curacao,species,
,Amblyglyphidodon leucogaster,Amblyglyphidodon leucogaster,species,
,Archamia dispilus Lachner,Taeniamia dispilus,species,
,Choeroichthys cinctus Dawson,Choeroichthys cinctus,species,
,Chromis,Chromis,genus,
,Cirrhitichthys falco,Cirrhitichthys falco,species,
,Doryrhamphus janssi,Doryrhamphus janssi,species,
,Dunckerocampus dactyliophorus,Dunckerocampus dactyliophorus,species,
,Eviota,Eviota,genus,
,Grammistops ocellatus,Grammistops ocellatus,species,
,Liopropoma collettei Randall & Taylor,Liopropoma collettei,species,
,Myripristis,Myripristis,genus,
,Paraluteres prionurus,Paraluteres prionurus,species,
,Parapercis,Parapercis,genus,
,Parapercis cephalopunctata,Parapercis millepunctata,species,Synonym
,Parioglossus rainfordi,Parioglossus rainfordi,species,
,Plagiotremus rhinorhynchos,Plagiotremus rhinorhynchos,species,
,Saurida gracilis,Saurida gracilis,species,
,Scorpaenodes,Scorpaenodes,genus,
,Scorpaenopsis venosa,Scorpaenopsis venosa,species,
,Trimma cheni,Trimma cheni,species,
,Abudefduf,Abudefduf,genus,
,Acreichthys radiatus,Acreichthys radiatus,species,
,Amphiprion ocellaris,Amphiprion ocellaris,species,
,Anthiinae,Anthiadinae,subfamily,Homonym
,Bodianus dictynna Gomon,Bodianus dictynna,species,
,Cephalopholis leopardus,Cephalopholis leopardus,species,
,Chrysiptera rollandi,Chrysiptera rollandi,species,
,Cirrhilabrus cyanopleura,Cirrhilabrus cyanopleura,species,
,Ecsenius pictus McKinney & Springer,Ecsenius pictus,species,
,Halichoeres biocellatus Schultz,Halichoeres biocellatus,species,
,Labroides dimidiatus,Labroides dimidiatus,species,
,Scorpaenopsis brevifrons Eschmeyer & Randall,Scorpaenopsis brevifrons,species,
,Serranidae,Serranidae,family,
,Synchiropus bartelsi Fricke,Synchiropus bartelsi,species,
,Synodus variegatus,Synodus variegatus,species,
,Trimma benjamini Winterbottom,Trimma benjamini,species,
,Dascyllus reticulatus,Dascyllus reticulatus,species,
,Dascyllus trimaculatus,Dascyllus trimaculatus,species,
,Samariscus,Samariscus,genus,
,Gnatholepis cauerensis,Gnatholepis cauerensis,species,
,Cirrhilabrus,Cirrhilabrus,genus,
,Trimma okinawae,Trimma okinawae,species,
,Pristiapogon kallopterus,Pristiapogon kallopterus,species,
,Meiacanthus ditrema,Meiacanthus ditrema,species,
,Pseudocheilinus evanidus,Pseudocheilinus evanidus,species,
,Trimma macrophthalmus,Trimma macrophthalmus,species,
,Chromis ternatensis,Chromis ternatensis,species,
,Ostorhinchus aroubiensis,Ostorhinchus aroubiensis,species,
,Chromis agilis,Pycnochromis agilis,species,
,Ostorhinchus cyanosoma,Ostorhinchus cyanosoma,species,
,Pristiapogon fraenatus,Pristiapogon fraenatus,species,
,Ostorhinchus fleurieu,Ostorhinchus fleurieu,species,
,Acanthurus pyroferus,Acanthurus pyroferus,species,
,Amblygobius rainfordi,Koumansetta rainfordi,species,
,Canthigaster papua ?,Canthigaster papua,species,"marked ""?"""
,Centropyge vrolikii,Centropyge vrolikii,species,
,Chaetodon lunulatus,Chaetodon lunulatus,species,
,Chaetodontidae,Chaetodontidae,family,
,Cheilodipterus quinquelineatus,Cheilodipterus quinquelineatus,species,
,Chromis margaritifer,Pycnochromis margaritifer,species,
,Coris dorsomacula,Coris dorsomacula,species,
,Coris gaimard,Coris gaimard,species,
,Coris variegata,Coris variegata,species,
,Cosmocampus banneri,Cosmocampus banneri,species,
,Ctenochaetus strigosus,Ctenochaetus strigosus,species,
,Diademichthys lineatus,Diademichthys lineatus,species,
,Eviota melasma Lachner & Karnella,Eviota melasma,species,
,Foa hyalina,Foa hyalina,species,
,Gnathodentex aureolineatus,Gnathodentex aureolineatus,species,
,Halichoeres prosopeion,Halichoeres prosopeion,species,
,Liopropoma susumi,Liopropoma susumi,species,
,Ostracion cubicus,Ostracion cubicum,species,
,Oxycheilinus,Oxycheilinus,genus,
,Parioglossus nudus Rennis & Hoese,Parioglossus nudus,species,
,Plectroglyphidodon lacrymatus,Stegastes lacrymatus,species,
,Pseudoplesiops annae,Pseudoplesiops annae,species,
,Scorpaenopsis fowleri,Sebastapistes fowleri,species,
,Synodus binotatus Schultz,Synodus binotatus,species,
,Thalassoma lunare,Thalassoma lunare,species,
,Trimma taylori Lobel,Trimma taylori,species,
,Wetmorella nigropinnata,Wetmorella nigropinnata,species,
,Amblygobius hectori,Koumansetta hectori,species,
,Amphiprion clarkii,Amphiprion clarkii,species,
,Apogon erythrinus,Apogon erythrinus,species,
,Bodianus mesothorax,Bodianus mesothorax,species,
,Chaetodon kleinii,Chaetodon kleinii,species,
,Chaetodon punctatofasciatus,Chaetodon punctatofasciatus,species,
,Cheilodipterus,Cheilodipterus,genus,
,Chromis xanthura,Chromis xanthura,species,
,Neamia octospina,Neamia octospina,species,
,Paracirrhites forsteri,Paracirrhites forsteri,species,
,Parupeneus multifasciatus,Parupeneus multifasciatus,species,
,Pervagor melanocephalus,Pervagor melanocephalus,species,
,Scorpaenodes minor,Scorpaenodes minor,species,
,Wetmorella albofasciata,Wetmorella albofasciata,species,
,Apogon unicolor,Apogon unicolor,species,
,Balistapus undulatus,Balistapus undulatus,species,
,Centropyge bispinosa,Centropyge bispinosa,species,
,Cheilodipterus macrodon,Cheilodipterus macrodon,species,
,Meiacanthus grammistes,Meiacanthus grammistes,species,
,Oxycheilinus digramma,Oxycheilinus digramma,species,
,Pleurosicya mossambica,Pleurosicya mossambica,species,
,Pomacentrus lepidogenys,Pomacentrus lepidogenys,species,
,Dinematichthys iluocoeteoides,Dinematichthys iluocoeteoides,species,
,Meiacanthus atrodorsalis,Meiacanthus atrodorsalis,species,
,Cephalopholis microprion,Cephalopholis microprion,species,
,Eviota pellucida Larson,Eviota pellucida,species,
,Fowleria vaiulae,Fowleria vaiulae,species,
,Sargocentron tiereoides,Sargocentron tiereoides,species,
,Chaetodon triangulum,Chaetodon triangulum,species,
,Fowleria aurita,Fowleria aurita,species,
,Nectamia viria Fraser,Nectamia viria,species,
,Pseudocheilinus hexataenia,Pseudocheilinus hexataenia,species,
,Myripristis kuntee,Myripristis kuntee,species,
,Ctenochaetus binotatus,Ctenochaetus binotatus,species,
,Chromis atripes,Pycnochromis atripes,species,
,Apogon aroubiensis,Ostorhinchus aroubiensis,species,
,Apogonichthyoides melas,Apogonichthyoides melas,species,
,Atherion elymus,Atherion elymus,species,
,Bathygobius,Bathygobius,genus,
,Blenniella interrupta,Blenniella interrupta,species,
,Callogobius flavobrunneus,Callogobius flavobrunneus,species,
,Chrysiptera glauca,Chrysiptera glauca,species,
,Gobiopsis bravoi,Gobiopsis bravoi,species,
,Halichoeres argus,Halichoeres argus,species,
,Omobranchus rotundiceps,Omobranchus rotundiceps,species,
,Pomacentrus tripunctatus,Pomacentrus tripunctatus,species,
,Praealticus bilineatus,Praealticus bilineatus,species,
,Priolepis cinctus,Priolepis cincta,species,
,Priolepis semidoliata,Priolepis semidoliata,species,
,Thalassoma hardwicke,Thalassoma hardwicke,species,
,Abudefduf sexfasciatus,Abudefduf sexfasciatus,species,
,Bathygobius crassiceps,Bathygobius cyclopterus,species,Synonym
,Bhanotia fasciolata,Bhanotia fasciolata,species,
,Callogobius hasseltii,Callogobius hasseltii,species,
,Gnatholepis,Gnatholepis,genus,
,Gobiopsis malekulae,Gobiopsis malekulae,species,
,Bathygobius coalitus,Bathygobius coalitus,species,
,Grammistes sexlineatus,Grammistes sexlineatus,species,
,Plesiops coeruleolineatus,Plesiops coeruleolineatus,species,
,Blenniella bilitonensis,Blenniella bilitonensis,species,
,Litobranchus,Litobranchus,genus,
,Oxyurichthys,Oxyurichthys,genus,
,Sebastapistes strongia,Sebastapistes strongia,species,
,Chaetodon vagabundus,Chaetodon vagabundus,species,
,Chrysiptera leucopoma,Chrysiptera leucopoma,species,
,Parenchelyurus hepburni,Parenchelyurus hepburni,species,
,Parioglossus formosus,Parioglossus formosus,species,
,Chrysiptera biocellata,Chrysiptera biocellata,species,
,Entomacrodus caudofasciatus,Entomacrodus caudofasciatus,species,
,Asterropteryx semipunctata,Asterropteryx semipunctata,species,
,Callionymus enneactis,Callionymus enneactis,species,
,Callogobius okinawae,Callogobius okinawae,species,
,Scolopsis bilineata,Scolopsis bilineata,species,
,Abudefduf lorenzi Hensley & Allen,Abudefduf lorenzi,species,
,Callogobius,Callogobius,genus,
,Abudefduf septemfasciatus,Abudefduf septemfasciatus,species,
,Fowleria polystigma,Fowleria polystigma,species,
,Enneapterygius punctulatus Herre,Enneapterygius philippinus,species,Synonym
,Istiblennius edentulus,Istiblennius edentulus,species,
,Scorpaenodes guamensis,Scorpaenodes guamensis,species,
,Cryptocentrus caeruleomaculatus,Cryptocentrus caeruleomaculatus,species,
,Tripterygiidae,Tripterygiidae,family,
,Acanthurus triostegus,Acanthurus triostegus,species,
,Istigobius ornatus,Istigobius ornatus,species,
,Ungusurculus philippinensis Schwarzhans & Moller,Ungusurculus philippinensis,species,
,Nectamia,Nectamia,genus,
,Apogonichthyoides timorensis,Apogonichthyoides timorensis,species,
,Dendrochirus brachypterus,Dendrochirus brachypterus,species,
,Eleutherochir,Eleutherochir,genus,
,Hippocampus kuda,Hippocampus kuda,species,
,Mullidae,Mullidae,family,
,Pristicon trimaculatus,Pristicon trimaculatus,species,
,Acentronura,Acentronura,genus,
,Atherinomorus lacunosus,Atherinomorus lacunosus,species,
,Cociella punctata,Cociella punctata,species,
,Cryptocentrus nigrocellatus,Cryptocentrus nigrocellatus,species,
,Dischistodus fasciatus,Dischistodus fasciatus,species,
,Fibramia lateralis,Fibramia lateralis,species,
,Gobiidae,Gobiidae,family,
,Hippichthys cyanospilus,Hippichthys cyanospilos,species,
,Hippichthys spicifer,Hippichthys spicifer,species,
,Lethrinus,Lethrinus,genus,
,Micrognathus andersonii,Micrognathus andersonii,species,
,Plotosus lineatus,Plotosus lineatus,species,
,Rhabdamia,Rhabdamia,genus,
,Arothron hispidus,Arothron hispidus,species,
,Cryptocentrus maudae,Cryptocentrus maudae,species,
,Lutjanus johnii,Lutjanus johnii,species,
,Micrognathus micronotopterus,Micrognathus micronotopterus,species,
,Syngnathoides biaculeatus,Syngnathoides biaculeatus,species,
,Fowleria isostigma,Fowleria isostigma,species,
,Arothron reticularis,Arothron reticularis,species,
,Bathygobius cyclopterus,Bathygobius cyclopterus,species,
,Zenarchopterus,Zenarchopterus,genus,
,Palutrus,Palutrus,genus,
,Sphaeramia orbicularis,Sphaeramia orbicularis,species,
,Anyperodon leucogrammicus,Anyperodon leucogrammicus,species,
,Aspidontus taeniatus,Aspidontus taeniatus,species,
,Aulostomus chinensis,Aulostomus chinensis,species,
,Callogobius clitellus McKinney & Lachner,Callogobius clitellus,species,
,Cantherhines pardalis,Cantherhines pardalis,species,
,Canthigaster valentini,Canthigaster valentini,species,
,Corythoichthys schultzi,Corythoichthys schultzi,species,
,Fowleria,Fowleria,genus,
,Halichoeres melanurus,Halichoeres melanurus,species,
,Labridae,Labridae,family,
,Minyichthys myersi,Minyichthys myersi,species,
,Myripristis hexagona,Myripristis hexagona,species,
,Paragobiodon xanthosomus,Paragobiodon xanthosoma,species,
,Parapercis cylindrica,Parapercis cylindrica,species,
,Platycephalidae,Platycephalidae,family,
,Pomacentrus burroughi,Pomacentrus burroughi,species,
,Rudarius minutus Tyler,Rudarius minutus,species,
,Sufflamen chrysopterum,Sufflamen chrysopterum,species,
,Synodus,Synodus,genus,
,Trimma agrena,Trimma agrena,species,
,Cephalopholis cyanostigma,Cephalopholis cyanostigma,species,
,Chromis analis,Chromis analis,species,
,Chromis weberi Fowler & Bean,Chromis weberi,species,
,Cirripectes filamentosus,Cirripectes filamentosus,species,
,Eviota sebreei,Eviota sebreei,species,
,Fowleria flammea,Fowleria flammea,species,
,Gobiodon,Gobiodon,genus,
,Ostorhinchus compressus,Ostorhinchus compressus,species,
,Pseudochromis fuscus,Pseudochromis fuscus,species,
,Amblygobius,Amblygobius,genus,
,Amphiprion sandaracinos,Amphiprion sandaracinos,species,
,Labrichthys unilineatus,Labrichthys unilineatus,species,
,Oxycheilinus celebicus,Oxycheilinus celebicus,species,
,Cheilinus,Cheilinus,genus,
,Cheilodipterus truncatus,Cheilodipterus singapurensis,species,Synonym
,Trimma striata,Trimma capostriatum,species,
,Cephalopholis boenak,Cephalopholis boenak,species,
,Fusigobius signipinnis Hoese & Obika,Fusigobius signipinnis,species,
,Ostorhinchus nigrofasciatus,Ostorhinchus nigrofasciatus,species,
,Chrysiptera talboti,Chrysiptera talboti,species,
,Pomacentrus brachialis,Pomacentrus brachialis,species,
,Chrysiptera springeri,Chrysiptera springeri,species,
,Amphiprion frenatus,Amphiprion frenatus,species,
,Atherinomorus,Atherinomorus,genus,
,Caesio,Caesio,genus,
,Centriscidae,Centriscidae,family,
,Chaetodon,Chaetodon,genus,
,Chaetodon auriga,Chaetodon auriga,species,
,Chaetodon unimaculatus,Chaetodon unimaculatus,species,
,Ctenogobiops,Ctenogobiops,genus,
,Ctenogobiops crocineus,Ctenogobiops crocineus,species,
,Dascyllus aruanus,Dascyllus aruanus,species,
,Epibulus insidiator,Epibulus insidiator,species,
,Fusigobius,Fusigobius,genus,
,Helcogramma springeri Hansen,Helcogramma springeri,species,
,Labracinus cyclophthalmus,Labracinus cyclophthalmus,species,
,Laiphognathus multimaculatus,Laiphognathus multimaculatus,species,
,Parascorpaena aurita,Parascorpaena aurita,species,
,Pleurosicya micheli,Pleurosicya micheli,species,
,Pomacentrus adelus Allen,Pomacentrus adelus,species,
,Pseudupeneus barberinus,Parupeneus barberinus,species,
,Ptereleotris microlepis,Ptereleotris microlepis,species,
,Salarias obscurus Bath,Salarias obscurus,species,
,Scolopsis lineata,Scolopsis lineata,species,
,Stethojulis interrupta,Stethojulis interrupta,species,
,Ucla xenogrammus Holleman,Ucla xenogrammus,species,
,Valenciennea,Valenciennea,genus,
,Amblygobius nocturnus,Amblygobius nocturnus,species,
,Callogobius maculipinnis,Callogobius maculipinnis,species,
,Canthigaster compressa,Canthigaster compressa,species,
,Chelmon rostratus,Chelmon rostratus,species,
,Diodon holocanthus,Diodon holocanthus,species,
,Eviota storthynx,Eviota storthynx,species,
,Favonigobius,Favonigobius,genus,
,Gobiopsis aporia Lachner & McKinney,Gobiopsis liolepis,species,Synonym
,Nectamia savayensis,Nectamia savayensis,species,
,Sphaeramia nematoptera,Sphaeramia nematoptera,species,
,Congrogadus hierichthys,Congrogadus hierichthys,species,
,Congrogadus subducens,Congrogadus subducens,species,
,Coryphopterus,Coryphopterus,genus,
,Neoglyphidodon melas,Neoglyphidodon melas,species,
,Pleurosicya muscarum,Pleurosicya muscarum,species,
,Pomacentrus simsiang,Pomacentrus simsiang,species,
,Pseudamia,Pseudamia,genus,
,Synodus dermatogenys,Synodus dermatogenys,species,
,Scorpaenopsis ramaraoi Randall & Eschmeyer,Scorpaenopsis ramaraoi,species,
,Upeneus tragula,Upeneus tragula,species,
,Valenciennea sexguttata,Valenciennea sexguttata,species,
,Eviota korechika,Eviota korechika,species,
,Hemiglyphidodon plagiometopon,Hemiglyphidodon plagiometopon,species,
,Paraplotosus albilabris,Paraplotosus albilabris,species,
,Scolopsis margaritifera,Scolopsis margaritifera,species,
,Valenciennea muralis,Valenciennea muralis,species,
,Dischistodus perspicillatus,Dischistodus perspicillatus,species,
,Paragobiodon,Paragobiodon,genus,
,Stethojulis strigiventer,Stethojulis strigiventer,species,
,Pseudochromis fowleri,Pseudochromis fowleri,species,
,Lepadichthys bolini,Flabellicauda bolini,species,
,Ostorhinchus multilineatus,Ostorhinchus multilineatus,species,
,Amblyglyphidodon,Amblyglyphidodon,genus,
,Apogonichthyoides uninotatus,Apogonichthyoides uninotatus,species,
,Meiacanthus geminatus,Meiacanthus geminatus,species,
,Eviota queenslandica,Eviota queenslandica,species,
,Asterropteryx ensifera,Asterropteryx ensifera,species,
,Zoramia leptacantha,Zoramia leptacanthus,species,
,Amblygobius phalaena,Amblygobius phalaena,species,
,Salarias sinuosus Snyder,Salarias sinuosus,species,
,Macrodontogobius wilburi,Macrodontogobius wilburi,species,
,Dischistodus prosopotaenia,Dischistodus prosopotaenia,species,
,Ostorhinchus sealei,Ostorhinchus sealei,species,
,Altrichthys curatus Allen,Altrichthys curatus,species,
,Zoramia fragilis,Zoramia fragilis,species,
,Asterorhombus fijiensis,Asterorhombus cocosensis,species,Synonym
,Alionematichthys riukiuensis,Alionematichthys riukiuensis,species,
,Alticus montanoi,Alticus montanoi,species,
,Arothron nigropunctatus,Arothron nigropunctatus,species,
,Aspasmodes briggsi,Aspasmodes briggsi,species,
,Canthigaster janthinoptera,Canthigaster janthinoptera,species,
,Cephalopholis argus,Cephalopholis argus,species,
,Doryrhamphus excisus excisus,Doryrhamphus excisus,species,
,Ecsenius monoculus Springer,Ecsenius monoculus,species,
,Enneapterygius,Enneapterygius,genus,
,Enneapterygius fuscoventer Fricke,Enneapterygius fuscoventer,species,
,Enneapterygius nanus,Enneapterygius nanus,species,
,Enneapterygius pallidoserialis Fricke,Enneapterygius pallidoserialis,species,
,Enneapterygius tutuilae Jordan & Seale,Enneapterygius tutuilae,species,
,Eviota albolineata Jewett & Lachner,Eviota albolineata,species,
,Eviota irrasa Karnella & Lachner,Eviota irrasa,species,
,Eviota nebulosa Smith,Eviota nebulosa,species,
,Gobiopsis arenaria,Gobiopsis arenaria,species,
,Halicampus brocki,Halicampus brocki,species,
,Helcogramma fuscipectoris,Helcogramma fuscipectoris,species,
,Helcogramma rhinoceros Hansen,Helcogramma rhinoceros,species,
,Lutjanus lemniscatus,Lutjanus lemniscatus,species,
,Norfolkia brachylepis,Norfolkia brachylepis,species,
,Pherallodus indicus,Pherallodus indicus,species,
,Plectorhinchus vittatus,Plectorhinchus vittatus,species,
,Plectroglyphidodon leucozonus,Plectroglyphidodon leucozona,species,
,Pomacanthus semicirculatus,Pomacanthus semicirculatus,species,
,Pomacentrus chrysurus,Pomacentrus chrysurus,species,
,Taeniamia fucata,Taeniamia fucata,species,
,Thalassoma quinquevittatum,Thalassoma quinquevittatum,species,
,Alionematichthys suluensis Moller & Schwarzhans,Alionematichthys suluensis,species,
,Halichoeres marginatus,Halichoeres marginatus,species,
,Helcogramma ellioti,Helcogramma ellioti,species,
,Helcogramma fuscopinna Holleman,Helcogramma fuscopinna,species,
,Ostorhinchus taeniophorus,Ostorhinchus taeniophorus,species,
,Plectroglyphidodon dickii,Plectroglyphidodon dickii,species,
,Pleurosicya coerulea Larson,Pleurosicya coerulea,species,
,Pseudochromis tapeinosoma,Pseudochromis tapeinosoma,species,
,Stegastes fasciolatus,Plectroglyphidodon fasciolatus,species,Synonym
,Acanthurus lineatus,Acanthurus lineatus,species,
,Barbuligobius boehlkei Lachner & McKinney,Barbuligobius boehlkei,species,
,Dentatherina merceri Patten & Ivantsoff,Dentatherina merceri,species,
,Hyporhamphus dussumieri,Hyporhamphus dussumieri,species,
,Limnichthyidae,Creediidae,family,
,Enneapterygius rhabdotus,Enneapterygius rhabdotus,species,
,Entomacrodus striatus,Entomacrodus striatus,species,
,Trimma naudei,Trimma naudei,species,
,Diplogrammus,Diplogrammus,genus,
,Nannosalarias nativitatis,Nannosalarias nativitatis,species,
,Alionematichthys piger,Alionematichthys piger,species,
,Chrysiptera rex,Chrysiptera rex,species,
,Pseudochromis cyanotaenia,Pseudochromis cyanotaenia,species,
,Enneapterygius bahasa Fricke,Enneapterygius bahasa,species,
,Entomacrodus thalassinus thalassinus,Entomacrodus thalassinus,species,
,Atherion,Atherion,genus,
,Istigobius decoratus (Herre),Istigobius decoratus,species,
,Andamia reyi,Andamia reyi,species,
,Praealticus striatus Bath,Praealticus striatus,species,
,Entomacrodus decussatus,Entomacrodus decussatus,species,
,Andamia pacifica,Andamia pacifica,species,
,Helcogramma desa Williams & Howe,Helcogramma desa,species,
,Acanthurus,Acanthurus,genus,
,Acentrogobius suluensis,Acentrogobius suluensis,species,
,Amblygobius linki,Amblygobius linki,species,
,Arothron manilensis,Arothron manilensis,species,
,Toxotidae,Toxotidae,family,
,Drombus,Drombus,genus,
,Yongeichthys nebulosus,Yongeichthys nebulosus,species,
,Sillago macrolepis,Sillaginops macrolepis,species,
,Gerres punctatus,Gerres filamentosus,species,Synonym
,Cryptocentroides insignis,Cryptocentroides insignis,species,
,Zenarchopterus dispar,Zenarchopterus dispar,species,
,Gnatholepis davaoensis,Gnatholepis ophthalmotaenia,species,Synonym
,Synchiropus ocellatus,Synchiropus ocellatus,species,
,Alionematichthys,Alionematichthys,genus,
,Amblyglyphidodon aureus,Amblyglyphidodon aureus,species,
,Atrosalarias fuscus,Atrosalarias fuscus,species,
,Canthigaster papua,Canthigaster papua,species,
,Chaetodon octofasciatus,Chaetodon octofasciatus,species,
,Diancistrus,Diancistrus,genus,
,Diancistrus machidai,Diancistrus machidai,species,
,Ecsenius bimaculatus Springer,Ecsenius bimaculatus,species,
,Ecsenius kurti Springer,Ecsenius kurti,species,
,Ecsenius yaeyamaensis,Ecsenius yaeyamaensis,species,
,Eviota bifasciata Lachner & Karnella,Eviota bifasciata,species,
,Eviota infulata,Eviota infulata,species,
,Eviota prasina,Eviota prasina,species,
,Eviota spilota Lachner & Karnella,Eviota spilota,species,
,Gomphosus varius,Gomphosus varius,species,
,Halicampus nitidus,Halicampus nitidus,species,
,Myripristis violacea,Myripristis violacea,species,
,Pervagor janthinosoma,Pervagor janthinosoma,species,
,Plesiops cephalotaenia,Plesiops cephalotaenia,species,
,Plesiops oxycephalus,Plesiops oxycephalus,species,
,Pomacentrus philippinus,Pomacentrus philippinus,species,
,Pseudoplesiops rosae Schultz,Pseudoplesiops rosae,species,
,Sargocentron diadema,Sargocentron diadema,species,
,Scorpaenodes albaiensis,Scorpaenodes albaiensis,species,
,Scorpaenopsis papuensis,Scorpaenopsis papuensis,species,
,Siganus vulpinus,Siganus vulpinus,species,
,Trimma annosum,Trimma annosum,species,
,Trimma maiandros,Trimma maiandros,species,
,Diancistrus erythraeus,Diancistrus erythraeus,species,
,Diproctacanthus xanthurus,Diproctacanthus xanthurus,species,
,Eviota distigma Jordan & Seale,Eviota distigma,species,
,Hetereleotris,Hetereleotris,genus,
,Nectamia luxuria Fraser,Nectamia luxuria,species,
,Neoglyphidodon nigroris,Neoglyphidodon nigroris,species,
,Sargocentron cornutum,Sargocentron cornutum,species,
,Cheilinus oxycephalus,Cheilinus oxycephalus,species,
,Dischistodus melanotus,Dischistodus melanotus,species,
,Halichoeres kallochroma,Halichoeres kallochroma,species,
,Bathygobius ramosus curticeps Ginsburg,Bathygobius fuscus,species,Likely Bathygobius fuscus. Ask Kent which is the most likely Bathygobius sp to be confused with B. ramosus. 7 Bathygobius spp in Allen & Erdmann. Doesn't occur in the Philippines. 
,Pseudamia hayashii Randall et al.,Pseudamia hayashii,species,
,Pseudochromis bitaeniatus,Pseudochromis bitaeniatus,species,
,Acanthochromis polyacanthus,Acanthochromis polyacanthus,species,
,Halichoeres melanochir,Halichoeres melanochir,species,
,Plesiops verecundus Mooi,Plesiops verecundus,species,
,Pseudogramma polyacanthum,Pseudogramma polyacanthus,species,
,Pseudoplesiops typus,Pseudoplesiops typus,species,
,Halichoeres nigrescens,Halichoeres nigrescens,species,
,Pteragogus cryptus Randall,Pteragogus cryptus,species,
,Callogobius sclateri,Callogobius sclateri,species,
,Diancistrus fuscus,Diancistrus fuscus,species,
,Aioliops megastigma Rennis & Hoese,Aioliops megastigma,species,
,Chrysiptera parasema,Chrysiptera parasema,species,
,Pomacentrus moluccensis,Pomacentrus moluccensis,species,
,Hypoatherina barnesi,Hypoatherina barnesi,species,
,Cirrhilabrus solorensis,Cirrhilabrus solorensis,species,
,Pristicon rhodopterus,Pristicon rhodopterus,species,
,Amblyeleotris guttata,Amblyeleotris guttata,species,
,Amblyeleotris steinitzi,Amblyeleotris steinitzi,species,
,Amblyeleotris wheeleri,Amblyeleotris wheeleri,species,
,Amphiprion perideraion,Amphiprion perideraion,species,
,Bryaninops loki Larson,Bryaninops loki,species,
,Cabillus,Cabillus,genus,
,Chaetodontoplus mesoleucus,Chaetodontoplus mesoleucus,species,
,Ecsenius namiyei,Ecsenius namiyei,species,
,Epinephelus fasciatus,Epinephelus fasciatus,species,
,Halichoeres margaritaceus,Halichoeres margaritaceus,species,
,Pomacanthus sexstriatus,Pomacanthus sexstriatus,species,
,Priolepis nuchifasciata,Priolepis nuchifasciata,species,
,Pseudochromis marshallensis,Pseudochromis marshallensis,species,
,Pseudoplesiops knighti Allen,Amsichthys knighti,species,
,Pteragogus,Pteragogus,genus,
,Tenacigobius erythrops,Bryaninops erythrops,species,
,Xenisthmus,Xenisthmus,genus,
,Asterropteryx,Asterropteryx,genus,
,Ecsenius lineatus,Ecsenius lineatus,species,
,Eviota prasites,Eviota prasites,species,
,Parascorpaena,Parascorpaena,genus,
,Trimma,Trimma,genus,
,Halophryne hutchinsi Greenfield,Halophryne hutchinsi,species,
,Lubbockichthys,Lubbockichthys,genus,
,Onigocia pedimacula,Onigocia pedimacula,species,
,Siphamia jebbi Allen,Siphamia jebbi,species,
,Chrysiptera hemicyanea,Chrysiptera hemicyanea,species,
,Parapercis lineopunctata Randall,Parapercis lineopunctata,species,
,Paracheilinus,Paracheilinus,genus,
,Gobiopsis,Gobiopsis,genus,
,Pomacentrus armillatus,Pomacentrus armillatus,species,
,Chrysiptera oxycephala,Chrysiptera oxycephala,species,
,Pseudocheilinops ataenia,Pseudocheilinops ataenia,species,
,Trimma hayashii,Trimma hayashii,species,
,Trimma emeryi Winterbottom,Trimma emeryi,species,
,Apogon coccineus,Apogon coccineus,species,
,Istigobius rigilius,Istigobius rigilius,species,
,Plectorhinchus chaetodonoides,Plectorhinchus chaetodonoides,species,
,Valenciennea parva Hoese & Larson,Valenciennea parva,species,
,Valenciennea puellaris,Valenciennea puellaris,species,
,Bryaninops isis Larson,Bryaninops isis,species,
,Ostorhinchus aureus,Ostorhinchus aureus,species,
,Pomacentrus alexanderae,Pomacentrus alexanderae,species,
,Scorpaenodes hirsutus,Scorpaenodes hirsutus,species,
,Ostorhinchus melanoproctus,Ostorhinchus melanoproctus,species,
,Apogon uninotatus,Apogonichthyoides uninotatus,species,
,Eviota nigramembrana Greenfield & Suzuki,Eviota nigramembrana,species,
,Cephalopholis urodeta,Cephalopholis urodeta,species,
,Pomacentrus amboinensis,Pomacentrus amboinensis,species,
,Bothus pantherinus,Bothus pantherinus,species,
,Cheilinus fasciatus,Cheilinus fasciatus,species,
,Cirrhilabrus exquisitus,Cirrhilabrus exquisitus,species,
,Eurycephalus arenicola,Sunagocia arenicola,species,
,Heniochus,Heniochus,genus,
,Lepadichthys springeri Briggs,Lepadichthys misakius,species,Synonym
,Opistognathus dendriticus,Opistognathus dendriticus,species,
,Parapercis hexophtalma,Parapercis hexophtalma,species,
,Sargocentron caudimaculatum,Sargocentron caudimaculatum,species,
,Sargocentron violaceum,Sargocentron violaceum,species,
,Scorpaenodes parvipinnis,Scorpaenodes parvipinnis,species,
,Siganus corallinus,Siganus corallinus,species,
,Taeniura lymma,Taeniura lymma,species,
,Trimmatom macropodus Winterbottom,Trimmatom macropodus,species,
,Xenisthmus polyzonatus,Xenisthmus polyzonatus,species,
,Chaetodon rafflesii,Chaetodon rafflesii,species,
,Chaetodon trifascialis,Chaetodon trifascialis,species,
,Chromis atripectoralis Welander & Schultz,Chromis atripectoralis,species,
,Cirripectes perustus,Cirripectes perustus,species,
,Halichoeres hortulanus,Halichoeres hortulanus,species,
,Hemigymnus melapterus,Hemigymnus melapterus,species,
,Myripristis adusta,Myripristis adusta,species,
,Pherallodichthys,Pherallodichthys,genus,
,Ptereleotris evides,Ptereleotris evides,species,
,Sargocentron microstoma,Sargocentron microstoma,species,
,Sargocentron spiniferum,Sargocentron spiniferum,species,
,Dischistodus pseudochrysopoecilus,Dischistodus pseudochrysopoecilus,species,
,Scarus niger,Scarus niger,species,
,Siganus virgatus,Siganus virgatus,species,
,Ceratobregma helenae Holleman,Ceratobregma helenae,species,
,Cheiloprion labiatus,Cheiloprion labiatus,species,
,Eviota punctulata Jewett & Lachner,Eviota punctulata,species,
,Belonepterygion fasciolatum,Belonepterygion fasciolatum,species,
,Paragobiodon melanosoma,Paragobiodon melanosoma,species,
,Sargocentron punctatissimum,Sargocentron punctatissimum,species,
,Chromis viridis,Chromis viridis,species,
,Neopomacentrus cyanomos,Neopomacentrus cyanomos,species,
,Ctenochaetus striatus,Ctenochaetus striatus,species,
,Scarus scaber,Scarus scaber,species,
,Stenatherina panatela,Hypoatherina panatela,species,
,Apogon doryssa Jordan & Seale,Apogon doryssa,species,
,Chaetodon vagabundus ?,Chaetodon vagabundus,species,"Marked ""?"""
,Calumia profunda,Calumia profunda,species,
,Centropyge bicolor,Centropyge bicolor,species,
,Cephalopholis spiloparaea,Cephalopholis spiloparaea,species,
,Choerodon,Choerodon,genus,
,Chromis ovatiformes,Pycnochromis ovatiformis,species,
,Coradion fulvocinctus,Coradion altivelis,species,Synonym
,Eviota sparsa Jewett & Lachner,Eviota sparsa,species,
,Labropsis manabei,Labropsis manabei,species,
,Myripristis murdjan,Myripristis murdjan,species,
,Neoniphon opercularis,Neoniphon opercularis,species,
,Paracheilinus angulatus,Paracheilinus angulatus,species,
,Paradiancistrus cuyoensis,Paradiancistrus cuyoensis,species,
,Pempheris,Pempheris,genus,
,Plagiotremus laudandus,Plagiotremus laudandus,species,
,Priolepis fallacincta Winterbottom & Burridge,Priolepis fallacincta,species,
,Siphamia cyanophthalma Gon & Allen,Siphamia cyanophthalma,species,
,Synchiropus laddi,Synchiropus laddi,species,
,Centropyge tibicen,Centropyge tibicen,species,
,Parapercis pacifica,Parapercis pacifica,species,
,Pterois antennata,Pterois antennata,species,
,Scorpaenodes varipinnis,Scorpaenodes varipinnis,species,
,Trimma milta Winterbottom,Trimma milta,species,
,Paracheilinus filamentosus Allen,Paracheilinus filamentosus,species,
,Cirrhilabrus temminckii,Cirrhilabrus temminckii,species,
,Chromis retrofasciata,Pycnochromis retrofasciatus,species,
,Chromis amboinensis,Pycnochromis amboinensis,species,
,Chrysiptera niger,Chrysiptera niger,species,
,Halichoeres scapularis,Halichoeres scapularis,species,
,Hemigymnus fasciatus,Hemigymnus fasciatus,species,
,Histrio histrio,Histrio histrio,species,
,Hypoatherina ovalaua,Hypoatherina ovalaua,species,
,Neoglyphidodon oxyodon,Neoglyphidodon oxyodon,species,
,Salarias fasciatus,Salarias fasciatus,species,
,Epinephelus merra,Epinephelus merra,species,
,Enneapterygius ziegleri,Enneapterygius ziegleri,species,
,Trimma tevegae Cohen & Davis,Trimma tevegae,species,
,Neoglyphidodon polyodon,Neoglyphidodon oxyodon,species,Ask Kent. Original name does not exist. Valid genus name. Valid species name. Neoglyphidodon oxyodon is the most likely species provided the assumption that the genus is correct.
,Pseudochromis,Pseudochromis,genus,
,Salarias guttatus,Salarias guttatus,species,
,Canthigaster ocellicincta Allen & Randall,Canthigaster ocellicincta,species,
,Diploprion bifasciatus,Diploprion bifasciatus,species,
,Genicanthus lamarck,Genicanthus lamarck,species,
,Paracheilinus carpenteri Randall & Lubbock,Paracheilinus carpenteri,species,
,Pristiapogon abrogramma,Pristiapogon abrogramma,species,
,Trimma nasa Winterbottom,Trimma nasa,species,
,Paracheilinus lineopunctatus Randall & Lubbock,Paracheilinus lineopunctatus,species,
,Pomacentrus stigma,Pomacentrus stigma,species,
,Plectroglyphidodon johnstonianus,Plectroglyphidodon johnstonianus,species,
,Ostorhinchus neotes,Ostorhinchus neotes,species,
,Chromis alpha Randall,Chromis alpha,species,
,Foa fo,Foa fo,species,
,Lethrinus harak,Lethrinus harak,species,
,Plectorhinchus lineatus,Plectorhinchus lineatus,species,
,Bathygobius fuscus,Bathygobius fuscus,species,
,Fowleria variegata,Fowleria variegata,species,
,Ostorhinchus,Ostorhinchus,genus,
,Leptoscarus vaigiensis,Leptoscarus vaigiensis,species,
,Pelates quadrilineatus,Pelates quadrilineatus,species,
,Anomalops katoptron,Anomalops katoptron,species,
,Antennarius,Antennarius,genus,
,Centropyge nox,Centropyge nox,species,
,Chaetodon ornatissimus,Chaetodon ornatissimus,species,
,Discotrema crinophilum,Discotrema crinophilum,species,
,Fistularia petimba,Fistularia petimba,species,
,Helcogramma striatum,Helcogramma striata,species,
,Heniochus diphreutes,Heniochus diphreutes,species,
,Pseudoplesiops,Pseudoplesiops,genus,
,Synodus jaculum Russell & Cressey,Synodus jaculum,species,
,Heniochus varius,Heniochus varius,species,
,Trimma cana,Trimma cana,species,
,Ostorhinchus dispar,Ostorhinchus dispar,species,
,Pterocaesio pisang,Pterocaesio pisang,species,
,Taeniamia biguttata,Taeniamia biguttata,species,
,Trimma yanoi,Trimma yanoi,species,
,Chromis elerae Fowler & Bean,Azurina elerae,species,
,Naso,Naso,genus,
,Bothus,Bothus,genus,
,Hippichthys heptagonus,Hippichthys heptagonus,species,
,Torquigener hypselogeneion,Torquigener hypselogeneion,species,
,Plectorhinchus gibbosus,Plectorhinchus gibbosus,species,
,Sillago sihama,Sillago sihama,species,
,Bathygobius hongkongensis,Bathygobius hongkongensis,species,
,Chelonodontops patoca,Chelonodontops patoca,species,
,Eleutherochir opercularis,Eleutherochir opercularis,species,
,Cynoglossidae,Cynoglossidae,family,
,Favonigobius reichei,Favonigobius reichei,species,
,Siganus guttatus,Siganus guttatus,species,
,Waitea,Mahidolia,genus,Synonym
,Callogobius centrolepis,Callogobius centrolepis,species,
,Labropsis,Labropsis,genus,
,Trimmatom sagma,Trimmatom sagma,species,
,Apogonidae,Apogonidae,family,
,Rhabdamia spilota,Rhabdamia spilota,species,
,Myripristis vittata,Myripristis vittata,species,
,Apogon leptacanthus,Zoramia leptacanthus,species,
,Enneapterygius flavoccipitis Shen & Wu,Enneapterygius flavoccipitis,species,
,Rhinogobius decoratus Herre,Istigobius decoratus,species,
,Scorpaenopsis possi Randall & Eschmeyer,Scorpaenopsis possi,species,
,Cirripectes castaneus,Cirripectes castaneus,species,
,Pempheris itoi Fowler,Pempheris itoi,species,
,Pholidichthys leucotaenia,Pholidichthys leucotaenia,species,
,Helcogramma albimacula Williams & Howe,Helcogramma albimacula,species,
,Cirrhitichthys oxycephalus,Cirrhitichthys oxycephalus,species,
,Exallias brevis,Exallias brevis,species,
,Gymnapogon,Gymnapogon,genus,
,Priolepis inhaca,Priolepis inhaca,species,
,Cirripectes polyzona,Cirripectes polyzona,species,
,Pomacentrus bankanensis,Pomacentrus bankanensis,species,
,Parascorpaena mcadamsi,Parascorpaena mcadamsi,species,
,Calumia,Calumia,genus,
,Cephalopholis aurantia,Cephalopholis aurantia,species,
,Chrysiptera caeruleolineata,Chrysiptera caeruleolineata,species,
,Ematops randalli Schwarzhans & Nielsen,Ematops randalli,species,
,Macropharyngodon meleagris,Macropharyngodon meleagris,species,
,Neamia articycla,Neamia articycla,species,
,Pseudojuloides,Pseudojuloides,genus,
,Lutjanus fulvus,Lutjanus fulvus,species,
,Lutjanus lutjanus,Lutjanus lutjanus,species,
,Cirripectes stigmaticus,Cirripectes stigmaticus,species,
,Plectorhinchus lessonii,Plectorhinchus lessonii,species,
,Siphamia majimai,Siphamia majimai,species,
,Thalassoma amblycephalum,Thalassoma amblycephalus,species,
,Ungusurculus,Ungusurculus,genus,
,Parascorpaena mossambica,Parascorpaena mossambica,species,
,Sunagocia otaitensis,Sunagocia otaitensis,species,
,Glossogobius,Glossogobius,genus,
,Glossogobius celebius,Glossogobius celebius,species,
,Trichogaster trichopterus,Trichopodus trichopterus,species,
,Channa striata,Channa striata,species,
,Chanos chanos,Chanos chanos,species,
,Megalops cyprinoides,Megalops cyprinoides,species,
,Cichlidae,Cichlidae,family,
,Scatophagus argus,Scatophagus argus,species,
,Trimma trioculatum Winterbottom et al.,Trimma trioculatum,species,
,Apogon posterofasciatus Allen & Randall,Apogon posterofasciatus,species,
,Bodianus,Bodianus,genus,
,Bodianus diana,Bodianus diana,species,
,Callogobius crassus McKinney & Lachner,Callogobius crassus,species,
,Calloplesiops altivelis,Calloplesiops altivelis,species,
,Cephalopholis sexmaculata,Cephalopholis sexmaculata,species,
,Diancistrus karinae,Diancistrus karinae,species,
,Eleotridae,Eleotridae,family,
,Eviota jewettae Greenfield & Winterbottom,Eviota jewettae,species,
,Priolepis pallidicincta Winterbottom & Burridge,Priolepis pallidicincta,species,
,Pseudanthias,Pseudanthias,genus,
,Pygoplites diacanthus,Pygoplites diacanthus,species,
,Scorpaenopsis,Scorpaenopsis,genus,
,Eviota nigriventris,Eviota nigriventris,species,
,Gymnothorax microstictus Bohlke,Gymnothorax microstictus,species,
,Dinematichthys,Dinematichthys,genus,
,Trimma hoesei,Trimma hoesei,species,
,Chrysiptera traceyi,Chrysiptera traceyi,species,
,Pomacentrus,Pomacentrus,genus,
,Discordipinna griessingeri Hoese & Fourmanoir,Discordipinna griessingeri,species,
,Paracheilinus octotaenia,Paracheilinus octotaenia,species,
,Anampses geographicus,Anampses geographicus,species,
,Cercamia eremia,Cercamia eremia,species,
,Macropharyngodon negrosensis,Macropharyngodon negrosensis,species,
,Sebastapistes,Sebastapistes,genus,
,Siphamia tubifer,Siphamia tubifer,species,
,Photoblepharon palpebratum,Photoblepharon palpebratum,species,
,Cercamia,Cercamia,genus,
,Gracila polleni,Cephalopholis polleni,species,
,Lubbockichthys multisquamatus,Lubbockichthys multisquamatus,species,
,Naso vlamingii,Naso vlamingii,species,
,Nemateleotris,Nemateleotris,genus,
,Neoglyphidodon thoracotaeniatus,Neoglyphidodon thoracotaeniatus,species,
,Pterocaesio,Pterocaesio,genus,
,Trimma anaima Winterbottom,Trimma anaima,species,
,Asterropteryx striata,Asterropteryx striata,species,
,Plectranthias inermis Randall,Plectranthias inermis,species,
,Cirrhilabrus lubbocki Randall & Carpenter,Cirrhilabrus lubbocki,species,
,Lutjanus ehrenbergii,Lutjanus ehrenbergii,species,
,Abudefduf saxatilis,Abudefduf saxatilis,species,
,Cephalopholis aitha Randall & Heemstra,Cephalopholis aitha,species,
,Cephalopholis miniata,Cephalopholis miniata,species,
,Halichoeres melasmapomus Randall,Halichoeres melasmapomus,species,
,Labropsis alleni Randall,Labropsis alleni,species,
,Pomacentrus nigromanus,Pomacentrus nigromanus,species,
,Priacanthus blochii,Priacanthus blochii,species,
,Apogon dianthus,Apogon dianthus,species,
,Calumia biocellata,Calumia godeffroyi,species,Synonym
,Centropyge multifasciatus,Centropyge multifasciata,species,
,Zebrasoma scopas,Zebrasoma scopas,species,
,Trimma flavatrum,Trimma flavatrum,species,
,Pempheris schwenkii,Pempheris schwenkii,species,
,Amblycirrhitus bimacula,Amblycirrhitus bimacula,species,
,Cabillus tongarevae,Cabillus tongarevae,species,
,Caracanthus,Caracanthus,genus,
,Chaetodon citrinellus,Chaetodon citrinellus,species,
,Ctenochaetus,Ctenochaetus,genus,
,Halichoeres nebulosus,Halichoeres nebulosus,species,
,Halichoeres podostigma,Halichoeres podostigma,species,
,Lepadichthys minor,Lepadicyathus minor,species,
,Norfolkia,Norfolkia,genus,
,Salarias patzneri,Salarias patzneri,species,
,Scarus,Scarus,genus,
,Stegastes,Stegastes,genus,
,Salarias segmentatus,Salarias segmentatus,species,
,Enneapterygius unimaculatus,Enneapterygius unimaculatus,species,
,Acanthurus nigrofuscus,Acanthurus nigrofuscus,species,
,Thalassoma jansenii,Thalassoma jansenii,species,
,Ostorhinchus cookii,Ostorhinchus cookii,species,
,Apogon crassiceps,Apogon crassiceps,species,
,Asterorhombus filifer,Asterorhombus filifer,species,
,Ancistrogobius dipus,Ancistrogobius dipus,species,
,Caesio cuning,Caesio cuning,species,
,Cephalopholis,Cephalopholis,genus,
,Choerodon anchorago,Choerodon anchorago,species,
,Chromis delta Randall,Pycnochromis delta,species,
,Cirrhitichthys aprinus,Cirrhitichthys aprinus,species,
,Engyprosopon macrolepis,Engyprosopon macrolepis,species,
,Microbrotula polyactis,Microbrotula bentleyi,species,Synonym
,Pictichromis porphyrea,Pictichromis porphyrea,species,
,Pteropsaron springeri,Pteropsaron springeri,species,
,Thysanophrys chiltonae Schultz,Thysanophrys chiltonae,species,
,Trimma rubromaculatum,Trimma rubromaculatum,species,
,Oxycirrhites typus,Oxycirrhites typus,species,
,Parapercis xanthozona,Parapercis xanthozona,species,
,Ancistrogobius yoshigoui,Ancistrogobius yoshigoui,species,
,Epinephelus summana,Epinephelus summana,species,
,Ctenochaetus tomeniensis,Ctenochaetus tominiensis,species,
,Lutjanus biguttatus,Lutjanus biguttatus,species,
,Centriscus,Centriscus,genus,
,Apogon,Apogon,genus,
,Atrosalarias fuscus holomelas,Atrosalarias holomelas,species,
,Brotulidae,Brotula,genus,Brotulidae is not a family. Brotula is a genus in the family Ophidiidae. Change to Brotula.
,Engyprosopon mogkii,Engyprosopon mogkii,species,
,Heteromycteris,Heteromycteris,genus,
,Neopomacentrus,Neopomacentrus,genus,
,Stegastes obreptus,Plectroglyphidodon obreptus,species,
,Callionymus scabriceps,Callionymus scabriceps,species,
,Epinephelus corallicola,Epinephelus corallicola,species,
,Foa,Foa,genus,
,Oxymonacanthus longirostris,Oxymonacanthus longirostris,species,
,Pteragogus flagellifer,Pteragogus flagellifer,species,
,Sargocentron,Sargocentron,genus,
,Sunagocia arenicola,Sunagocia arenicola,species,
,Heteroconger polyzona,Heteroconger polyzona,species,
,Istigobius,Istigobius,genus,
,Helcogramma striata Hansen,Helcogramma striata,species,
,Chaetodon adiergastos,Chaetodon adiergastos,species,
,Myripristis pralinia,Myripristis pralinia,species,
,Naso unicornis,Naso unicornis,species,
,Pterocaesio randalli Carpenter,Pterocaesio randalli,species,
,Scarus pulchellus,Cetoscarus bicolor,species,Synonym
,Siganus punctatus,Siganus punctatus,species,
,Zanclus cornutus,Zanclus cornutus,species,
,Acanthurus auranticavus,Acanthurus auranticavus,species,
,Naso brevirostris,Naso brevirostris,species,
,Naso thynnoides,Naso thynnoides,species,
,Acanthurus mata,Acanthurus mata,species,
,Heniochus singularius Smith & Radcliffe,Heniochus singularius,species,
,Holacanthus trimaculatus,Apolemichthys trimaculatus,species,
,Apogonichthys ocellatus,Apogonichthys ocellatus,species,
,Chrysiptera cyanea,Chrysiptera cyanea,species,
,Cirrhitus pinnulatus,Cirrhitus pinnulatus,species,
,Enneapterygius philippinus,Enneapterygius philippinus,species,
,Entomacrodus,Entomacrodus,genus,
,Hologymnosus annulatus,Hologymnosus annulatus,species,
,Platybelone argalus platyura,Platybelone platyura,species,
,Rhinecanthus aculeatus,Rhinecanthus aculeatus,species,
,Valenciennea longipinnis,Valenciennea longipinnis,species,
,Xenojulis margaritaceus,Xenojulis margaritacea,species,
,Anampses meleagrides,Anampses meleagrides,species,
,Ostorhinchus hartzfeldii,Ostorhinchus hartzfeldii,species,
,Parascorpaena picta,Parascorpaena picta,species,
,Thalassoma,Thalassoma,genus,
,Thalassoma purpureum,Thalassoma purpureum,species,
,Ablabys taenianotus,Ablabys taenianotus,species,
,Cheilio inermis,Cheilio inermis,species,
,Blenniella periophthalmus,Blenniella periophthalmus,species,
,Nectamia fusca,Nectamia fusca,species,
,Ostorhinchus hoevenii,Ostorhinchus hoevenii,species,
,Calotomus spinidens,Calotomus spinidens,species,
,Atherinidae,Atherinidae,family,
,Amblyeleotris randalli,Amblyeleotris randalli,species,
,Plectorhinchus picus,Plectorhinchus pica,species,
,Heniochus chrysostomus,Heniochus chrysostomus,species,
,Chaetodon lineolatus,Chaetodon lineolatus,species,
,Lutjanus sebae,Lutjanus sebae,species,
,Amphiprion bicinctus,Amphiprion bicinctus,species,
,Atrosalarias hosokawai Suzuki & Senou,Atrosalarias hosokawai,species,
,Gobiesocidae,Gobiesocidae,family,
,Pleurosicya plicata Larson,Pleurosicya plicata,species,
,Cheilodipterus artus,Cheilodipterus artus,species,
,Ecsenius lividanalis Chapman & Schultz,Ecsenius lividanalis,species,
,Pristiapogon exostigma,Pristiapogon exostigma,species,
,Platax pinnatus,Platax pinnatus,species,
,Pleurosicya fringilla Larson,Pleurosicya fringilla,species,
,Aulostomidae,Aulostomidae,family,
,Choeroichthys brachysoma,Choeroichthys brachysoma,species,
,Corythoichthys intestinalis,Corythoichthys intestinalis,species,
,Halichoeres miniatus,Halichoeres miniatus,species,
,Pseudupeneus indicus,Parupeneus indicus,species,
,Hyporhamphus quoyi,Hyporhamphus quoyi,species,
,Halichoeres papilionaceus,Halichoeres papilionaceus,species,
,Hypoatherina temminckii,Hypoatherina temminckii,species,
,Rhinecanthus verrucosus,Rhinecanthus verrucosus,species,
,Siganus fuscescens,Siganus fuscescens,species,
,Halichoeres binotopsis,Halichoeres binotopsis,species,
,Ecsenius bicolor,Ecsenius bicolor,species,
,Siokunichthys nigrolineatus Dawson,Siokunichthys nigrolineatus,species,
,Ecsenius dilemma Springer,Ecsenius dilemma,species,
,Ostorhinchus cavitensis,Ostorhinchus cavitensis,species,
,Samariscus triocellatus,Samariscus triocellatus,species,
,Aspidontus taeniatus taeniatus,Aspidontus taeniatus,species,
,Diancistrus springeri,Diancistrus springeri,species,
,Myripristis trachyacron,Myripristis trachyacron,species,
,Sueviota lachneri Winterbottom & Hoese,Sueviota lachneri,species,
,Halichoeres chrysus Randall,Halichoeres chrysus,species,
,Lepadichthys caritus Briggs,Lepadichthys lineatus,species,Synonym
,Sphyraenidae,Sphyraenidae,family,
,Opistognathus randalli,Opistognathus randalli,species,
,Synchiropus,Synchiropus,genus,
,Antennarius coccineus,Abantennarius coccineus,species,
,Chaetodon mertensii,Chaetodon mertensii,species,
,Crossosalarias macrospilus Smith-Vaniz & Springer,Crossosalarias macrospilus,species,
,Fowleria talboti,Fowleria,genus,Ask Kent. Fowleria is a valid genus. Talboti is a valid species. Fowleria talboti is not a valid species though. If it's assumed that talboti is correct then it could be Apogon talboti which is an Apogonidae like Fowleria that is present in Philippines but not in Allen & Erdmann. Not sure which Fowleria species it could be if that is assumed to be correct. 5 Fowleria spp and 7 Apogon spp in Allen & Erdmann.
,Liopropoma,Liopropoma,genus,
,Enneapterygius similis Fricke,Enneapterygius similis,species,
,Entomacrodus thalassinus,Entomacrodus thalassinus,species,
,Gobiodon quinquestrigatus,Gobiodon quinquestrigatus,species,
,Helcogramma,Helcogramma,genus,
,Paragobiodon echinocephalus,Paragobiodon echinocephalus,species,
,Pardachirus pavoninus,Pardachirus pavoninus,species,
,Thysanophrys arenicola Schultz,Sunagocia arenicola,species,
,Tylosurus crocodilus crocodilus,Tylosurus crocodilus,species,
,Apogonichthys perdix,Apogonichthys perdix,species,
,Epinephelus,Epinephelus,genus,
,Gymnapogon urospilotus,Gymnapogon urospilotus,species,
,Ostorhinchus properuptus,Ostorhinchus properuptus,species,
,Parapercis clathrata,Parapercis clathrata,species,
,Scorpaenopsis diabolus,Scorpaenopsis diabolus,species,
,Acentrogobius signatus,Acentrogobius signatus,species,
,Amoya moloanus,Acentrogobius moloanus,species,
,Callionymus,Callionymus,genus,
,Callogobius hastatus McKinney & Lachner,Callogobius hastatus,species,
,Cristatogobius,Cristatogobius,genus,
,Eleotris melanosoma,Eleotris melanosoma,species,
,Epinephelus coeruleopunctatus,Epinephelus coeruleopunctatus,species,
,Exyrias belissimus,Exyrias belissimus,species,
,Gladiogobius ensifer,Gladiogobius ensifer,species,
,Mugilogobius zebrina,Mugilogobius chulae,species,Mugilogobius zebrina is not a valid species. Assumed to be Mugilogobius zebra. This is a synonym of Mugilogobius chulae
,Oxyurichthys cornutus,Oxyurichthys cornutus,species,
,Oxyurichthys ophthalmonema,Oxyurichthys ophthalmonema,species,
,Sphyraena barracuda,Sphyraena barracuda,species,
,Yongeichthys criniger,Yongeichthys nebulosus,species,Synonym
,Brachygobius,Brachygobius,genus,
,Caragobius urolepis,Caragobius urolepis,species,
,Cynoglossus puncticeps,Cynoglossus puncticeps,species,
,Glossogobius aureus,Glossogobius aureus,species,
,Mahidolia,Mahidolia,genus,
,Oxyeleotris lineolatus,Oxyeleotris lineolata,species,
,Strongylura strongylura,Strongylura strongylura,species,
,Tetraroge barbata,Tetraroge barbata,species,
,Trypauchenopsis intermedia,Trypauchenopsis intermedia,species,
,Asterropteryx bipunctatus,Asterropteryx bipunctata,species,
,Cheilinus bimaculatus,Oxycheilinus bimaculatus,species,
,Ctenochaetus tominiensis,Ctenochaetus tominiensis,species,
,Pleurosicya labiata,Pleurosicya labiata,species,
,Pseudochromidae,Pseudochromidae,family,
,Siphamia argentea,Siphamia argentea,species,
,Synchiropus splendidus,Synchiropus splendidus,species,
,Belonepterygion,Belonepterygion,genus,
,Chaetodon melannotus,Chaetodon melannotus,species,
,Chaetodon speculum,Chaetodon speculum,species,
,Cirripectes springeri Williams,Cirripectes springeri,species,
,Dascyllus melanurus,Dascyllus melanurus,species,
,Doryrhamphus dactyliophorus,Dunckerocampus dactyliophorus,species,
,Fowleria punctulata,Fowleria variegata,species,CAS: Fowleria punctulata is a synonym of F. isostigma and F. variegata. Should this be Fowleria isostigma or Fowleria variegata? WORMS: F. punctulata as valid. Fishbase: F. punctulata as a synonym of F. variegata. F. isostigma and F. variegata in Allen & Erdmann.
,Fusigobius neophytus,Fusigobius neophytus,species,
,Helcogramma inclinatum,Helcogramma inclinata,species,
,Neoniphon sammara,Neoniphon sammara,species,
,Parapercis tetracantha,Parapercis tetracantha,species,
,Plectroglyphidodon,Plectroglyphidodon,genus,
,Salarias ceramensis,Salarias ceramensis,species,
,Siganus puellus,Siganus puellus,species,
,Soleichthys heterorhinos,Soleichthys heterorhinos,species,
,Anampses melanurus,Anampses melanurus,species,
,Canthigaster axiologus,Canthigaster axiologus,species,
,Corythoichthys ocellatus,Corythoichthys ocellatus,species,
,Gnatholepis anjerensis,Gnatholepis anjerensis,species,
,Gnatholepis cauerensis cauerensis,Gnatholepis cauerensis,species,
,Parapriacanthus,Parapriacanthus,genus,
,Bathygobius meggitti,Bathygobius meggitti,species,
,Diplogrammus xenicus,Diplogrammus xenicus,species,
,Gerres filamentosus,Gerres filamentosus,species,
,Monodactylus argenteus,Monodactylus argenteus,species,
,Neostethus villadolidi,Neostethus villadolidi,species,
,Ophicara porocephala,Ophiocara porocephala,species,
,Oxyurichthys papuensis,Oxyurichthys papuensis,species,
,Pardachirus poropterus,Pardachirus poropterus,species,
,Periophthalmus regius,Periophthalmus kalolo,species,"Assumed to be Periophthalmus vulgaris regius (Whitley, 1931). Periophthalmus vulgaris is a synonym of Periophthalmus kalolo."
,Plagiotremus tapeinosoma,Plagiotremus tapeinosoma,species,
,Redigobius balteatus,Redigobius balteatus,species,
,Taenioides anguillaris,Taenioides anguillaris,species,
,Exyrias,Exyrias,genus,
,Mesopristes argenteus,Mesopristes argenteus,species,
,Platycephalus indicus,Platycephalus indicus,species,
,Pomacentrus taeniometopon,Pomacentrus taeniometopon,species,
,Pseudorhombus arsius,Pseudorhombus arsius,species,
,Taenioides cirratus,Taenioides cirratus,species,
,Aseraggodes,Aseraggodes,genus,
,Bythitidae,Bythitidae,family,
,Chaetodon lunula,Chaetodon lunula,species,
,Chrysiptera,Chrysiptera,genus,
,Enchelyurus kraussi,Enchelyurus kraussi,species,
,Eviota minuta Jewett & Lachner,Eviota minuta,species,
,Eviota zonura Jordan & Seale,Eviota zonura,species,
,Plectroglyphidodon zonatus,Plectroglyphidodon zonatus,species,
,Siganus spinus,Siganus spinus,species,
,Alionematichthys plicatosurculus Moller & Schwarzhans,Alionematichthys plicatosurculus,species,
,Epinephelus bontoides,Epinephelus bontoides,species,
,Lutjanus quinquelineatus,Lutjanus quinquelineatus,species,
,Ostorhinchus doederleini,Ostorhinchus doederleini,species,
,Petroscirtes variabilis,Petroscirtes variabilis,species,
,Pseudamia gelatinosa,Pseudamia gelatinosa,species,
,Pseudupeneus barberinoides,Parupeneus barberinoides,species,Synonym
,Amblygobius bynoensis,Amblygobius bynoensis,species,
,Aseraggodes xenicus,Aseraggodes xenicus,species,
,Blenniella chrysospilos,Blenniella chrysospilos,species,
,Cirripectes auritus Carlson,Cirripectes auritus,species,
,Entomacrodus epalzeocheilus,Entomacrodus epalzeocheilos,species,
,Euryglossa,Brachirus,genus,Synonym of  Brachirus. Primary homonym.
,Helcogramma habena Williams & McCormick,Helcogramma inclinata,species,Synonym
,Aporops bilinearis,Aporops bilinearis,species,
,Bathygobius laddi,Bathygobius laddi,species,
,Brachaelurus waddi,Brachaelurus waddi,species,
,Brotulinella taiwanensis,Brotulinella taiwanensis,species,
,Halichoeres timorensis,Halichoeres timorensis,species,
,Pomacentridae,Pomacentridae,family,
,Spratelloides delicatulus,Spratelloides delicatulus,species,
,Acanthurus nigricans,Acanthurus nigricans,species,
,Amanses scopas,Amanses scopas,species,
,Aseraggodes matsuurai,Aseraggodes matsuurai,species,
,Chaetodon ephippium,Chaetodon ephippium,species,
,Epinephelus ongus,Epinephelus ongus,species,
,Ostorhinchus angustatus,Ostorhinchus angustatus,species,
,Paragobiodon lacunicolus,Paragobiodon lacunicola,species,
,Paragobiodon modestus,Paragobiodon modestus,species,
,Archamia macroptera,Taeniamia macroptera,species,Synonym
,Aspidontus dussumieri,Aspidontus dussumieri,species,
,Calotomus carolinus,Calotomus carolinus,species,
,Cantherhines fronticinctus,Cantherhines fronticinctus,species,
,Cheilinus trilobatus,Cheilinus trilobatus,species,
,Epinephelus tauvina,Epinephelus tauvina,species,
,Lethrinus lentjan,Lethrinus lentjan,species,
,Pomacentrus coelestis,Pomacentrus coelestis,species,
,Valenciennea strigata,Valenciennea strigata,species,
,Aporops,Aporops,genus,
,Centropyge flavicauda,Centropyge fisheri,species,Synonym
,Epinephelus cyanopodus,Epinephelus cyanopodus,species,
,Scorpaenopsis vittapinna Randall & Eschmeyer,Scorpaenopsis vittapinna,species,
,Callogobius sheni,Callogobius sheni,species,
,Carapus homei,Encheliophis homei,species,Synonym
,Chaetodon baronessa,Chaetodon baronessa,species,
,Chaetodon rafflesi,Chaetodon rafflesii,species,
,Dendrochirus zebra,Dendrochirus zebra,species,
,Gymnothorax pseudoherrei Bohlke,Gymnothorax pseudoherrei,species,
,Istigobius goldmanni,Istigobius goldmanni,species,
,Priolepis vexilla Winterbottom & Burridge,Priolepis vexilla,species,
,Archamia,Archamia,genus,
,Parapriacanthus guentheri,Parapriacanthus guentheri,species,
,Pseudojuloides cerasinus,Pseudojuloides cerasinus,species,
,Epinephelus microdon,Epinephelus polyphekadion,species,Synonym
,Chelon tade,Planiliza tade,species,
,Gerres abbreviatus,Gerres erythrourus,species,Synonym
,Lutjanus fulviflamma,Lutjanus fulviflamma,species,
,Oligolepis moloanus,Acentrogobius moloanus,species,"Valid genus name. No moloanus species in Oligolepis. Moloanis species in Acentrogobius, which occurs in the Philippines. Occurs in the dataset as Amoya moloanus. "
,Paraplagusia bilineata,Paraplagusia bilineata,species,
,Toxotes jaculator,Toxotes jaculatrix,species,
,Ablabys macracanthas,Ablabys macracanthus,species,
,Abudefduf vaigensis,Abudefduf vaigiensis,species,
,Acanthocromis polyacanthus,Acanthochromis polyacanthus,species,
,Acanthurus grammoptilus,Acanthurus grammoptilus,species,
,Acanthurus olivaceus,Acanthurus olivaceus,species,
,Acanthurus sp.,Acanthurus,genus,sp. -> genus
,Acanthurus striatus,Ctenochaetus striatus,species,
,Acanthurus triastegus,Acanthurus triostegus,species,
,Acanturus nigrofuscus,Acanthurus nigrofuscus,species,
,Acreichthys tomentosus,Acreichthys tomentosus,species,
,Acrygobius baliurus,Arcygobius baliurus,species,
,Aeoliscus strigatus,Aeoliscus strigatus,species,
,Aethaloperca rogaa,Aethaloperca rogaa,species,
,Alionematichthys sp.,Alionematichthys,genus,sp. -> genus
,Alionematichthys suluensis,Alionematichthys suluensis,species,
,Amblycirrhitus bimaculatus,Amblycirrhitus bimacula,species,
,Amblyeleotris sp.,Amblyeleotris,genus,
,Amblygliphidodon leucogaster,Amblyglyphidodon leucogaster,species,
,Amblyglyphidodon batunai,Amblyglyphidodon batunaorum,species,
,Amblygobius buanensis,Amblygobius buanensis,species,
,Amblygobius decussatus,Amblygobius decussatus,species,
,Amblygobius semicinctus,Amblygobius semicinctus,species,
,Amphiprion biaculeatus,Amphiprion biaculeatus,species,
,Amphiprion brenatus,Amphiprion frenatus,species,
,Amsichthys knighti,Amsichthys knighti,species,
,Amsichthys knighti cf,Amsichthys knighti,species,repeat (misspelling)
,Anampses caeruleopunctatus,Anampses caeruleopunctatus,species,
,Ancistrogobius squamiceps,Ancistrogobius squamiceps,species,
,Antennarius pictus,Antennarius pictus,species,
,Apogon doryssa,Apogon doryssa,species,
,Apogon duryssa,Apogon doryssa,species,repeat (misspelling)
,Apogon nigracaudus,Acanthurus nigricauda,species,"Change to Acanthurus nigricauda. Apogon is a valid genus. Nigracaudus is not a valid spp in Apogon. Many Apogon spp and spp with ""apogon"" in the genus in this dataset. Based on the original spp name ""nigracaudus"", perhaps it is Enneapterygius nigricauda or Acanthurus nigricans or Acanthurus nigrofuscus, which are in this dataset. Only valid spp on Eschmeyer's with ""nigricaudus"" (not ""nigracaudus""): Axoclius nigricaudus, Lophiosilurus nigricauda, Acanthurus nigricaudus. "
,Apogon semioratus,Apogon semiornatus,species,
,Apogon sp. 1,Apogon,genus,sp. -> genus
,Apterichtus sp.,Apterichtus,genus,sp. -> genus
,Archamia bleekeri,Archamia bleekeri,species,
,Arothrom manilensis,Arothrom manilensis,species,
,Aseraggodes sp. 1,Aseraggodes,genus,
,Aseraggodes winterbottomi,Aseraggodes winterbottomi,species,
,Asterropteryx bipunctata,Asterropteryx bipunctata,species,
,Asterropteryx senoui,Asterropteryx senoui,species,
,Asterropteryx spinosa,Asterropteryx spinosa,species,
,Balistaous undulatus,Balistapus undulatus,species,
,Blennidae sp.,Blenniidae,family,sp. -> family
,Blenniella periopthalmus,Blenniella periophthalmus,species,
,Blenniidae sp.,Blenniidae,family,repeat (misspelling)
,Blenniidae sp. 4,Blenniidae,family,repeat (other sp)
,Blenny sp. 1,Blenniidae,family,Double check blenny = family
,Bodianus dictynna,Bodianus dictynna,species,
,Brachysomophis umbonis,Brachysomophis umbonis,species,
,Brachysomophsis sp.,Brachysomophis,genus,sp. -> genus
,Brosmophyciops pautzkei,Brosmophyciops pautzkei,species,
,Brotula multibarbata,Brotula multibarbata,species,
,Brotula sp.,Brotula,genus,sp. -> genus
,Bythitidae sp. 1,Bythitidae,family,sp. -> family
,Caesio caerulaurea,Caesio caerulaurea,species,
,Callionymus acutirostris,Callionymus acutirostris,species,
,Callionymus japonicus,Callionymus japonicus,species,
,Callogobius clitellus,Callogobius clitellus,species,
,Callogobius mannarensis,Callogobius mannarensis,species,
,Callogobius slateri,Callogobius sclateri,species,
,Caracanthus unipinna,Caracanthus unipinna,species,
,Carangoides ferdan,Ferdauia ferdau,species,
,Centropyge vrolickii,Centropyge vrolikii,species,
,Cephalopholis buenak,Cephalopholis boenak,species,
,Cephalopholis cyanostima,Cephalopholis cyanostigma,species,
,Cephalopolis miniata,Cephalopolis miniata,species,
,Cephalopolis urodeta,Cephalopholis urodeta,species,
,Chaeloprion labiatus,Cheiloprion labiatus,species,
,Chaetodon lunalatus,Chaetodon lunulatus,species,
,Chaetodon selene,Chaetodon selene,species,
,Cheilinus sp.,Cheilinus,genus,
,Cheilodipterus alleni,Cheilodipterus alleni,species,
,Cheilodipterus heptozona,Cheilodipterus heptozona,species,
,Cheilodipterus intermedius,Cheilodipterus intermedius,species,
,Cheilodipterus isostigma,Cheilodipterus isostigma,species,
,Cheilodipterus isostigmus,Cheilodipterus isostigma,species,repeat (misspelling)
,Cheilodipterus singapurensis,Cheilodipterus singapurensis,species,
,Cheilodipterus sp 1.,Cheilodipterus,genus,"repeat, sp. -> genus"
,Cheilodipterus sp.,Cheilodipterus,genus,"repeat, sp. -> genus"
,Cheilodipterus sp. 2,Cheilodipterus,genus,"repeat, sp. -> genus"
,Chlorourus bleekeri,Chlorourus bleekeri,species,
,Chlorurus sordidus/spilurus,Chlorurus spilurus,species,"Undecided name. Both valid. Both present in this dataset. IUCN Geographic range for sordidus does not include Philippines, while spilurus does."
,Chlorurus sp.,Chlorurus,genus,sp. -> genus
,Chlorurus spilurus,Chlorurus spilurus,species,
,Choeroichthys cinctus,Choeroichthys cinctus,species,
,Chromis delta,Pycnochromis delta,species,
,Chromis marganitifer,Pycnochromis margaritifer,species,
,Chromis scotochiloptera,Chromis scotochiloptera,species,
,Chromis weberi,Chromis weberi,species,
,Chrysoptera talboti,Chrysiptera talboti,species,
,Cirrhilabrus lubbocki,Cirrhilabrus lubbocki,species,
,Cirrhilabrus ryukynensis,Cirrhilabrus ryukyuensis,species,
,Cirrhilabrus ryukyuensis,Cirrhilabrus ryukyuensis,species,repeat (misspelling)
,Cirrhilabrus sp.,Cirrhilabrus,genus,sp. -> genus
,Cirrhilaorus rubrimarginatus,Cirrhilabrus rubrimarginatus,species,
,Coris batuenis,Coris batuensis,species,repeat (misspelling)
,Coris batuensis,Coris batuensis,species,
,Cromileptes altivelis,Chromileptes altivelis,species,
,Crysiptera rex,Chrysiptera rex,species,
,Ctenochaetus sp.,Ctenochaetus,genus,
,Ctenogobiops aurocingulus,Ctenogobiops aurocingulus,species,
,Dascyllus trimaculabrus,Dascyllus trimaculatus,species,
,Deiuramus semicinctus,Leiuranus semicinctus,species,"Deiuramus is not a valid genus name. Semicinctus is a valid spp name. Deiuramus was probably mispelled and was meant to be Leiuranus, which is present in the Philippines."
,Dendrochirus biocellatus,Dendrochirus biocellatus,species,
,Diancistrus machida,Diancistrus machidai,species,
,Dinematichthys trilobatus,Dinematichthys trilobatus,species,
,Dinemitichthys sp. (yellow),Dinematichthys,genus,sp. -> genus
,Diodon liturosus,Diodon liturosus,species,
,Diplogrammus goramensis,Diplogrammus goramensis,species,
,Discordipinna griessingeri,Discordipinna griessingeri,species,
,Discotrema crinophila,Discotrema crinophilum,species,
,Discotrema lineatus,Lepadichthys lineatus,species,
,Doryrhampus sp.,Doryrhamphus,genus,sp. -> genus
,Echidna nebulosa,Echidna nebulosa,species,
,Ecsenius kurtis,Ecsenius kurti,species,
,Ecsenius monoculus,Ecsenius monoculus,species,
,Enchelychore bayeri,Enchelycore bayeri,species,repeat (misspelling)
,Enchelycore bayeri,Enchelycore bayeri,species,
,Enchelycore schismatorhynchus,Enchelycore schismatorhynchus,species,
,Eneapterygius nigricauda,Enneapterygius nigricauda,species,
,Enneapterygius elegans,Enneapterygius elegans,species,
,Enneapterygius fasciatus,Enneapterygius fasciatus,species,
,Enneapterygius flavoccipitis,Enneapterygius flavoccipitis,species,
,Enneapterygius hemimelas,Enneapterygius hemimelas,species,
,Enneapterygius nigricauda,Enneapterygius nigricauda,species,
,Enneapterygius rubicauda,Enneapterygius rubicauda,species,
,Enneapterygius sp.,Enneapterygius,genus,"repeat, sp. -> genus"
,Enneapterygius sp. 1,Enneapterygius,genus,"repeat, sp. -> genus"
,Enneapterygius sp. 2,Enneapterygius,genus,"repeat, sp. -> genus"
,Enneapterygius tutuilae,Enneapterygius tutuilae,species,
,Entomacrodus caudufasciatus,Entomacrodus caudofasciatus,species,
,Epinephelus argus,Cephalopholis argus,species,
,Escenius bicolor,Ecsenius bicolor,species,
,Escenius lineatus,Ecsenius lineatus,species,
,Eviota albolineata (?),Eviota albolineata,species,"Marked ""?"""
,Eviota atriventris,Eviota atriventris,species,
,Eviota distigma,Eviota distigma,species,
,Eviota fasciola,Eviota fasciola,species,
,Eviota herrei,Eviota herrei,species,
,Eviota irrasa,Eviota irrasa,species,
,Eviota jewettae,Eviota jewettae,species,
,Eviota jewette,Eviota jewettae,species,repeat (misspelling)
,Eviota kurechika,Eviota korechika,species,
,Eviota latifasciata,Eviota latifasciata,species,
,Eviota melasma,Eviota melasma,species,
,Eviota minuta,Eviota minuta,species,
,Eviota nebulosa,Eviota nebulosa,species,
,Eviota nigramembrana,Eviota nigramembrana,species,
,Eviota occasa cf,Eviota occasa,species,"removed ""cf"""
,Eviota quenslandica,Eviota queenslandica,species,
,Eviota rubrisparsa cf,Eviota rubrisparsa,species,
,Eviota sp.,Eviota,genus,sp. -> genus
,Eviota sp. (?),Eviota,genus,"repeat, marked ""?"""
,Eviota sparsa,Eviota sparsa,species,
,Eviota sparsa (?),Eviota sparsa,species,"marked ""?"""
,Eviota winterbottomi,Eviota winterbottomi,species,
,Exyrias akihito,Exyrias akihito,species,
,Fibramia thermalis,Fibramia thermalis,species,
,Fistularia commersomi,Fistularia commersonii,species,
,Foa sp.,Foa,genus,sp. -> genus
,Fowleria marmorata,Fowleria marmorata,species,
,Fowleria marmorates,Fowleria marmorata,species,repeat (misspelling)
,Fowleria sp. 1 (?),Fowleria,genus,"repeat, marked ""?"""
,Fusigobius aureus,Fusigobius aureus,species,
,Fusigobius duopilus,Fusigobius duospilus,species,repeat (misspelling)
,Fusigobius duospilus,Fusigobius duospilus,species,
,Fusigobius gracilis,Fusigobius gracilis,species,
,Fusigobius humeralis,Fusigobius humeralis,species,
,Fusigobius melacron,Fusigobius melacron,species,
,Fusigobius signipinnis,Fusigobius signipinnis,species,
,Gerres oyena,Gerres oyena,species,
,Gnatholepis aujerensis,Gnatholepis anjerensis,species,
,Gnatholepis caurensis,Gnatholepis cauerensis,species,repeat (misspelling)
,Gnatholepis caurerensis,Gnatholepis cauerensis,species,
,Gobiidae sp. 1,Gobiidae,family,"repeat, sp. -> family"
,Gobiidae sp. 2,Gobiidae,family,"repeat, sp. -> family"
,Gobiidae sp. 3,Gobiidae,family,"repeat, sp. -> family"
,Gobiidae sp. 4,Gobiidae,family,"repeat, sp. -> family"
,Gobiidae sp. 5,Gobiidae,family,"repeat, sp. -> family"
,Gobiidae sp. 6,Gobiidae,family,"repeat, sp. -> family"
,Gobiodon axillaris,Gobiodon axillaris,species,
,Gobiodon okinawae,Gobiodon okinawae,species,
,Gobiodon prolixus,Gobiodon prolixus,species,
,Gymnapogon philippinus,Gymnapogon philippinus,species,
,Gymnapogon vanderbilti,Gymnapogon vanderbilti,species,
,Gymnomuraena zebra,Gymnomuraena zebra,species,
,Gymnopogon philippinus,Gymnapogon philippinus,species,
,Gymnothorax albimarginatus,Gymnothorax albimarginatus,species,
,Gymnothorax buroensis,Gymnothorax buroensis,species,
,Gymnothorax castlei,Gymnothorax castlei,species,
,Gymnothorax chilopilus,Gymnothorax chilospilus,species,
,Gymnothorax chilospilus,Gymnothorax chilospilus,species,
,Gymnothorax enigmaticus,Gymnothorax enigmaticus,species,
,Gymnothorax fimbriatus,Gymnothorax fimbriatus,species,
,Gymnothorax javanicus,Gymnothorax javanicus,species,
,Gymnothorax marganitophorus,Gymnothorax margaritophorus,species,
,Gymnothorax margaritophorus,Gymnothorax margaritophorus,species,
,Gymnothorax melatremus,Gymnothorax melatremus,species,
,Gymnothorax meleagris,Gymnothorax meleagris,species,
,Gymnothorax microstictus,Gymnothorax microstictus,species,
,Gymnothorax pindae,Gymnothorax pindae,species,
,Gymnothorax pseudoherrei,Gymnothorax pseudoherrei,species,
,Gymnothorax richardsonii,Gymnothorax richardsonii,species,
,Gymnothorax robinsi,Gymnothorax robinsi,species,
,Gymnothorax ruppelii,Gymnothorax rueppelliae,species,
,Gymnothorax sp.,Gymnothorax,genus,"repeat, sp. -> genus"
,Gymnothorax sp. (brown),Gymnothorax,genus,"repeat, sp. -> genus"
,Gymnothorax thyrsoideus,Gymnothorax thyrsoideus,species,
,Gymnothorax undulatus,Gymnothorax undulatus,species,
,Gymnothorax zonipectis,Gymnothorax zonipectis,species,
,Gymnothorax zonipectus,Gymnothorax zonipectis,species,
,Gymonthorax sp.,Gymnothorax,genus,sp. -> genus
,Halichoeres biocellatus,Halichoeres biocellatus,species,
,Halichoeres chrysus,Halichoeres chrysus,species,
,Halichoeres melanarus,Halichoeres melanarus,species,
,Halichoeres podostisma,Halichoeres podostisma,species,
,Halichoeres richmondi,Halichoeres richmondi,species,
,Halichoeres sp. 1,Halichoeres,genus,sp. -> genus
,Halichoreres argus,Halichoeres argus,species,
,Helcogramma albimacula,Helcogramma albimacula,species,
,Helcogramma chica,Helcogramma chica,species,
,Helcogramma desa,Helcogramma desa,species,
,Helcogramma novacaledoniae,Helcogramma novaecaledoniae,species,
,Helcogramma rhinocerus,Helcogramma rhinoceros,species,
,Helcogramma sp. 2,Helcogramma,genus,sp. -> genus
,Helcogramma springeri,Helcogramma springeri,species,
,Helcogramma striata,Helcogramma striata,species,
,Helcogramma trigloides,Helcogramma trigloides,species,
,hinecanthus verrucosus,Rhinecanthus verrucosus,species,
,Holocentrid,Holocentridae,family,
,Hologymnosus doliatus,Hologymnosus doliatus,species,
,Hypoatherina panatela,Hypoatherina panatela,species,
,Hypoatherina panatella,Hypoatherina panatela,species,repeat (misspelling)
,Hyporhamphus affinis,Hyporhamphus affinis,species,
,Inimicus didactylus,Inimicus didactylus,species,
,Istiblennius bellus,Istiblennius bellus,species,
,Istiblennius colei,Istiblennius colei,species,
,Istigobius decoratus,Istigobius decoratus,species,
,Istigobius nigroocellatus,Istigobius nigroocellatus,species,
,Kaupichthys brachychirus,Kaupichthys brachychirus,species,
,Kaupichthys bradychirus,Kaupichthys brachychirus,species,
,Kaupichthys diodontus,Kaupichthys diodontus,species,
,Kaupichthys sp.,Kaupichthys,genus,
,Koumansetta hectori,Koumansetta hectori,species,
,Labridae (Thalassoma?),Thalassoma,genus,
,Labridae sp. 1,Labridae,family,repeat
,Labridae sp. 2,Labridae,family,
,Labropsis coeruleolineatus,Plesiops coeruleolineatus,species,Valid genus name w/ 6 species. L. manabei & L. alleni in this dataset. L. micronesica & L. xanthonota are present in the Philippines. Valid spp name. Only one relevant to Philippines: Plesiops coeruleolineatus.
,Leptoscarus ?,Leptoscarus,genus,"marked ""?"""
,Limnichthys nitidus,Limnichthys nitidus,species,
,Liopropoma mitratum,Liopropoma mitratum,species,
,Lutjanus rivulatus,Lutjanus rivulatus,species,
,Macropharygodon meleagris,Macropharygodon meleagris,species,
,Meiacantus grammistes,Meiacanthus grammistes,species,repeat (misspelling)
,Meiocanthus grammistes,Meiacanthus grammistes,species,
,Melacanthus grammistes,Meiacanthus grammistes,species,
,Microgoby sp.,Microgobius,genus,
,Microgoby sp. 1,Microgobius,genus,
,Microgoby sp. 2,Microgobius,genus,
,Microgoby sp. 3,Microgobius,genus,
,Microgoby sp. 4,Microgobius,genus,
,Microgoby sp. 5,Microgobius,genus,
,Microgoby sp. 6,Microgobius,genus,
,Microgoby sp. 7,Microgobius,genus,
,Microgoby sp. 8,Microgobius,genus,
,Mirolabrichthys tuka,Mirolabrichthys tuka,species,
,Moringua raitaborua,Moringua raitaborua,species,
,Moringua sp.,Moringua,genus,sp. -> genus
,Muraenichthys schultzei,Muraenichthys schultzei,species,
,Muraenichthys sp.,Muraenichthys,genus,sp. -> genus
,Muraenichthys thompsoni,Muraenichthys thompsoni,species,
,Muraenidae,Muraenidae,family,
,Mypristes kantee,Myripristis kuntee,species,
,Myripristis berndti,Myripristis berndti,species,
,Myripristis botche,Myripristis botche,species,
,Nannosalarias nativitatus,Nannosalarias nativitatis,species,
,Nectamia bandanensis,Nectamia bandanensis,species,
,Nectamia luxuria,Nectamia luxuria,species,
,Nectamia similis,Nectamia similis,species,
,Nectamia viria,Nectamia viria,species,
,Omobranchus obliquus,Omobranchus obliquus,species,
,Ophichthus cephalozona,Ophichthus cephalozona,species,
,Ophichthus sp (?),Ophichthus,genus,sp. -> genus
,Opistognathus solorensis,Opistognathus solorensis,species,
,Opistognathus sp. 1,Opistognathus,genus,sp. -> genus
,Oplopomops diacanthus,Oplopomops diacanthus,species,
,Ostarhinchus nigrofasciatus,Ostorhinchus nigrofasciatus,species,
,Ostorhinchus chrysopomus,Ostorhinchus chrysopomus,species,
,Ostorhinchus compressa,Ostorhinchus compressus,species,
,Ostorhinchus jenkinsi,Ostorhinchus jenkinsi,species,
,Ostorhinchus negrofasciatus,Ostorhinchus nigrofasciatus,species,
,Ostorhinchus ocellicaudus,Ostorhinchus ocellicaudus,species,
,Ostorhinchus parvulus,Ostorhinchus parvulus,species,
,Ostorhinchus sp.,Ostorhinchus,genus,
,Ostorhinchus wassinki,Ostorhinchus wassinki,species,
,Oxycheilinus arenatus,Oxycheilinus arenatus,species,
,Oxycheilinus digrammus,Oxycheilinus digramma,species,
,Oxycheilinus sp.,Oxycheilinus,genus,sp. -> genus
,Oxycheillinus digramma,Oxycheilinus digramma,species,
,Paracheilinus angularus,Paracheilinus angulatus,species,
,Paracheilinus carpenteri,Paracheilinus carpenteri,species,
,Paracheilinus sp. 1,Paracheilinus,genus,
,Paragobiodon lacunicola,Paragobiodon lacunicola,species,
,Paragobiodon melanosomus,Paragobiodon melanosoma,species,
,Paragobiodon xanthosoma,Paragobiodon xanthosoma,species,
,Parapeneus multifasciatus,Parupeneus multifasciatus,species,
,Parapercis hexophthalma,Parapercis hexophtalma,species,
,Parapercis lineopunctata,Parapercis lineopunctata,species,
,Parapercis millepuncttata,Parapercis millepuncttata,species,
,Parapercis multiplicata,Parapercis multiplicata,species,
,Parupaeneus crassilabris,Parupeneus crassilabris,species,
,Parupeneus barberinus,Parupeneus barberinus,species,
,Pentapodus caninus,Pentapodus caninus,species,
,Petroscirtes breviceps,Petroscirtes breviceps,species,
,Petroscistes breviceps,Petroscirtes breviceps,species,repeat (misspelling)
,Phoxocampus kampeni,Phoxocampus kampeni,species,
,Phoxocampus rampeni,Phoxocampus kampeni,species,repeat (misspelling)
,Phyllogobius platycephalops,Phyllogobius platycephalops,species,
,Pictichromis diadema,Pictichromis diadema,species,
,Pictichromis porphyreus,Pictichromis porphyrea,species,
,Plagiotremas rhinorhynchos,Plagiotremus rhinorhynchos,species,repeat (misspelling)
,Plagiotremus rhinorhynchus,Plagiotremus rhinorhynchos,species,
,Plastiotremus landanus,Plagiotremus laudandus,species,
,Platax boersii,Platax boersii,species,
,Plectorhinchus polytaenia,Plectorhinchus polytaenia,species,
,Plectranthias nanus,Plectranthias nanus,species,
,Plectroglyphidodon lucozonus,Plectroglyphidodon leucozona,species,
,Plesiopidae sp. 1,Plesiopidae,family,sp. -> family
,Plesiops cperulineatus,Plesiops coeruleolineatus,species,
,Pleurosicya annandalei,Pleurosicya annandalei,species,
,Pomacentrus adelus,Pomacentrus adelus,species,
,Pomacentrus blankanensis,Pomacentrus bankanensis,species,
,Pomacentrus coelistis,Pomacentrus coelestis,species,
,Pomacentrus grammorhynchus,Pomacentrus grammorhynchus,species,
,Pomacentrus moluccansis,Pomacentrus moluccensis,species,
,Pomacentrus vaiuli,Pomacentrus vaiuli,species,
,Prealticus bilineatus,Praealticus bilineatus,species,
,Prealticus striatus,Praealticus striatus,species,
,Priacanthus sagittarius,Priacanthus sagittarius,species,
,Priolepid,Priolepis,genus,
,Priolepis aithiops,Priolepis aithiops,species,
,Priolepis cincta,Priolepis cincta,species,
,Priolepis compita,Priolepis compita,species,
,Priolepis fallacincta,Priolepis fallacincta,species,
,Priolepis multifaciata,Priolepis nuchifasciata,species,
,Priolepis pallidicincta,Priolepis pallidicincta,species,
,Priolepis sp. 1,Priolepis,genus,
,Pristapogon kalleapterus,Pristiapogon kallopterus,species,
,Pristiapogon taeniopterus,Pristiapogon taeniopterus,species,
,Pristiapogon urostigma,Pristiapogon urostigma,species,
,Pristicon rufus,Pristicon rufus,species,
,Pristocon trimaculatus,Pristicon trimaculatus,species,
,Pritiapogon kallopterus,Pristiapogon kallopterus,species,repeat (misspelling)
,Pseudamia hayashi,Pseudamia hayashii,species,
,Pseudamia sp. 1,Pseudamia,genus,
,Pseudamiops gracilicauda,Pseudamiops gracilicauda,species,
,Pseudanthia sp.,Pseudanthias,genus,sp. -> genus
,Pseudanthia tuba,Mirolabrichthys tuka,species,
,Pseudanthias huchti,Pseudanthias huchtii,species,repeat (misspelling)
,Pseudanthias huchtii,Pseudanthias huchtii,species,
,Pseudanthias hutchii,Pseudanthias huchtii,species,
,Pseudanthias sp.,Pseudanthias,genus,
,Pseudocheilinnus hexataenia,Pseudocheilinus hexataenia,species,
,Pseudocheilinus evanides,Pseudocheilinus evanidus,species,
,Pseudocheilinus evarides,Pseudocheilinus evanidus,species,
,Pseudochromis bilineatus,Pseudochromis bitaeniatus,species,"Psueodochromis is a valid genus name and many in this dataset. Many bilineatus spp w/ 2 in this dataset: Praealticus bilineatus & Scolopsis bilineatus. Probably mispelled spp name. Assumed to be Pseudochromis bitaeniatus, which is present in the Philippines."
,Pseudochromis caudalis,Pseudochromis caudalis,species,
,Pseudochromis coccinicauda,Pseudochromis coccinicauda,species,
,Pseudochromis flavopunctatus,Pseudochromis flavopunctatus,species,
,Pseudochromis sp.,Pseudochromis,genus,
,Pseudogramma polyacantha,Pseudogramma polyacanthus,species,repeat (misspelling)
,Pseudogramma polyacanthus,Pseudogramma polyacanthus,species,
,Pseudoplesiops rosae,Pseudoplesiops rosae,species,
,Pseudoplesiops sp. 1,Pseudoplesiops,genus,
,Pseudoplesios rosae,Pseudoplesiops rosae,species,
,Ptectroglyphidodon lacrymatus,Stegastes lacrymatus,species,Genus name was likely mispelled. Synonym. 
,Pteragobus guttatus,Pteragogus guttatus,species,
,Pteragogus cryptus,Pteragogus cryptus,species,
,Pteragogus guttatus,Pteragogus guttatus,species,
,Pterois radiata,Pterois radiata,species,
,Pycnochromis amboinensis,Pycnochromis amboinensis,species,
,Pycnochromis margaritifer,Pycnochromis margaritifer,species,
,Pycnochromis retrofasciata,Pycnochromis retrofasciatus,species,
,Pycnochromis retrofasciatus,Pycnochromis retrofasciatus,species,
,PycnoPycnochromis amboinensis,Pycnochromis amboinensis,species,
,Pygloplites diacanthus,Pygoplites diacanthus,species,
,Rhabdoblennius nitidus,Rhabdoblennius nitidus,species,
,Salarias alboguttatus,Salarias alboguttatus,species,
,Salarias sinuosus,Salarias sinuosus,species,
,Sargocentron cornatum,Sargocentron cornutum,species,
,Sargocentron iota,Sargocentron iota,species,
,Sargocentron melanospilus,Sargocentron melanospilos,species,
,Sargocentron rabrum,Sargocentron rubrum,species,
,Sargocentron rubrum,Sargocentron rubrum,species,
,Sargocentrum tiereoides,Sargocentron tiereoides,species,
,Saurida nebulosa,Saurida nebulosa,species,
,Scalopsis bilineata,Scolopsis bilineata,species,
,Scarus forsteni,Scarus forsteni,species,
,Scarus hypselopterus,Scarus hypselopterus,species,
,Scarus psittacus,Scarus psittacus,species,
,Scarus rubroviolaceus,Scarus rubroviolaceus,species,
,Scarus schlegeli,Scarus schlegeli,species,
,Scarus sp.,Scarus,genus,
,Scarus spilurus,Chlorurus spilurus,species,
,Scarus spinus,Scarus spinus,species,
,Scolecenchelys macroptera,Scolecenchelys macroptera,species,
,Scolopsis bilineatus,Scolopsis bilineata,species,
,Scorpaenidae,Scorpaenidae,family,
,Scorpaenodes corallinus,Scorpaenodes corallinus,species,
,Scorpaenodes kelloggi,Scorpaenodes kelloggi,species,
,Scorpaenodes sp.,Scorpaenodes,genus,
,Scorpaenopsis possi,Scorpaenopsis possi,species,
,Scorpaenopsis ramaraoi,Scorpaenopsis ramaraoi,species,
,Scorpaenopsis sp. 1,Scorpaenopsis,genus,
,Scorpaenopsis vitappinis,Scorpaenopsis vittapinna,species,
,Scorpaenopsis vittapinna,Scorpaenopsis vittapinna,species,
,Scorpaenopsis vittapinna cf (?),Scorpaenopsis vittapinna,species,
,Sebastapistes mauritiania,Sebastapistes mauritiana,species,
,Sebastipus fowleri,Sebastapistes fowleri,species,
,Selar crumenophthalmus,Selar crumenophthalmus,species,
,Soleichthys heterorhinus,Soleichthys heterorhinos,species,
,Soleichthys sp.,Soleichthys,genus,
,Soleichthys sp. 1,Soleichthys,genus,
,Sphaeraena baraccuda,Sphyraena barracuda,species,
,Sphaerana barracuda,Sphyraena barracuda,species,
,Spratelloides gracilis,Spratelloides gracilis,species,
,Stegastes lacrymatus,Stegastes lacrymatus,species,
,Stethojulis albovittata,Stethojulis albovittata,species,
,Strongylura incisa,Strongylura incisa,species,
,Sueviota atrinasa,Sueviota atrinasa,species,
,Sueviota lechneri,Sueviota lachneri,species,
,Suttonia lineata,Suttonia lineata,species,
,Synchiropus mayeri,Synchiropus moyeri,species,
,Synchiropus moyeri,Synchiropus moyeri,species,
,Synodontidae unidentified,Synodontidae,family,
,Synodus binotatus,Synodus binotatus,species,
,Synodus jaculum,Synodus jaculum,species,
,Synodus sp.,Synodus,genus,
,Taeniamia melasma,Taeniamia melasma,species,
,Thalasomma lunare,Thalasomma lunare,species,
,Thalassoma amblycephalus,Thalassoma amblycephalus,species,
,Thalassoma quinquelineatus,Thalassoma quinquevittatum,species,
,Thalossoma lunare,Thalassoma lunare,species,
,Thysamophrys chiltonae,Thysanophrys chiltonae,species,
,Thysanophrys chiltonae,Thysanophrys chiltonae,species,
,Thysanophrys otaitensis,Sunagocia otaitensis,species,
,Trachinocephalus sp. 1,Trachinocephalus,genus,
,Trachinocephalus sp. 2,Trachinocephalus,genus,
,Trimma benjamini,Trimma benjamini,species,
,Trimma caudomaculatum,Trimma caudomaculatum,species,
,Trimma habrum,Trimma habrum,species,
,Trimma haimussuu,Trimma haimassum,species,
,Trimma halonevum,Trimma halonevum,species,
,Trimma macrophthalma,Trimma macrophthalmus,species,
,Trimma melasma,Eviota melasma,species,Assumed that spp melasma is correct and the genus Trimma was mixed up with Eviota.
,Trimma milta,Trimma milta,species,
,Trimma nasa,Trimma nasa,species,
,Trimma naudae,Trimma naudei,species,
,Trimma preclarum,Trimma preclarum,species,
,Trimma preclarum (?),Trimma preclarum,species,
,Trimma sp.,Trimma,genus,
,Trimma stobbsi,Trimma stobbsi,species,
,Trimma striatum,Trimma striatum,species,
,Trimma trioculatum,Trimma trioculatum,species,
,Trimmaton sp.,Trimmatom,genus,
,Ucla xenogrammus,Ucla xenogrammus,species,
,Ungurcirculus williamsii,Ungusurculus williamsi,species,
,Ungursurculis sp.,Ungusurculus,genus,
,Ungusurculus philippinensis,Ungusurculus philippinensis,species,
,Ungusurculus williamsi,Ungusurculus williamsi,species,
,Ungusurculus williamsi (?),Ungusurculus williamsi,species,
,Uroconger lepturus,Uroconger lepturus,species,
,Uroconger sp.,Uroconger,genus,
,Uropterygius concolor (?),Uropterygius concolor,species,
,Uropterygius kamar,Uropterygius kamar,species,
,Uropterygius marmoratus,Uropterygius marmoratus,species,
,Uropterygius sp.,Uropterygius,genus,
,Uropterygius xanthopterus,Uropterygius xanthopterus,species,
,Valencia sexguttata,Valenciennea sexguttata,species,
,Valenciennea sp. 1,Valenciennea,genus,
,Valenciennea sp. 2,Valenciennea,genus,
,Variola louti,Variola louti,species,
,Verulux cypeselurus,Verulux cypselurus,species,
,Xenisthmus eirospilus,Xenisthmus eirospilus,species,
,Zebrasoma scopus,Zebrasoma scopas,species,
Acanthuridae,Naso annulatus,Naso annulatus,species,
Antennariidae,Antennarius commerson,Antennarius commerson,species,
Antennariidae,Antennarius nummifer,Abantennarius nummifer,species,
Antennariidae,Antennatus tuberosus,Antennatus tuberosus,species,
Apogonidae,Apogon c.f. deetsi,Apogon deetsie,species,c.f.
Apogonidae,Apogon semiornatus,Apogon semiornatus,species,
Apogonidae,Apogon articycla,Neamia articycla,species,Assumed that Apogon was accidentally written instead of Neamia. Neamia articycla is in the dataset.
Apogonidae,Fowleria sp. (cf. marmorata),Fowleria marmorata,species,c.f.
Apogonidae,Ostorhinchus fraenatus,Pristiapogon fraenatus,species,
Apogonidae,Ostorhinchus hoeveni,Ostorhinchus hoevenii,species,
Apogonidae,Ostorhinchus parvula,Ostorhinchus parvulus,species,
Apogonidae,Ostorhinchus rubrimacula,Ostorhinchus rubrimacula,species,
Apogonidae,Pristiapogon abogramma,Pristiapogon abrogramma,species,
Apogonidae,Pseudamia amblyuropterus,Pseudamia amblyuroptera,species,
Apogonidae,Siphamia jebbi,Siphamia jebbi,species,
Apogonidae,Siphamia spinicola,Siphamia spinicola,species,
Atherinidae,Atherinomorus lineatus,Atherinomorus endrachtensis,species,
Atherinidae,Hypoatherina tropicalis,Hypoatherina tropicalis,species,
Balistidae,Odonus niger,Odonus niger,species,
Blenniidae,Atrosalarias hosokawai,Atrosalarias hosokawai,species,
Blenniidae,Entomacrodus longirostris,Entomacrodus longicirrus,species,
Blenniidae,Entomacrodus longicirrus,Entomacrodus longicirrus,species,
Blenniidae,Praealticus striatus,Praealticus striatus,species,
Bothidae,Asterorhombus intermedius,Asterorhombus intermedius,species,
Bythitidae,Bythitid sp.,Bythitidae,family,sp.
Bythitidae,Bythitid sp.2,Bythitidae,family,sp.
Callionymidae,Synchiropus sp.,Synchiropus,genus,sp.
Callionymidae,Synchiropus sp. 1,Synchiropus,genus,sp.
Callionymidae,Synchiropus morrisoni,Synchiropus morrisoni,species,
Chlopsidae,Kaupichthys atronasus,Kaupichthys atronasus,species,
Cirrhitidae,Cyprinocirrhites polyactis,Cyprinocirrhites polyactis,species,
Congridae,Conger cinereus,Conger cinereus,species,
Gobiesocidae,Lepadichthys sp.,Lepadichthys,genus,sp.
Gobiidae,Amblyeleotris periophthalma,Amblyeleotris periophthalmus,species,
Gobiidae,Bathygobius sp.,Bathygobius,genus,sp.
Gobiidae,Cabillus lacertops,Cabillus lacertops,species,
Gobiidae,Cabillus tragarevae,Cabillus tongarevae,species,
Gobiidae,Ctenogobiops pomastictus,Ctenogobiops pomastictus,species,
Gobiidae,Eviota afelei,Eviota afelei,species,
Gobiidae,Eviota albolineata,Eviota albolineata,species,
Gobiidae,Eviota cometa,Eviota cometa,species,
Gobiidae,Eviota guttata,Eviota guttata,species,
Gobiidae,Eviota jewetti,Eviota jewettae,species,
Gobiidae,Eviota punctulata,Eviota punctulata,species,
Gobiidae,Eviota randalli,Eviota randalli,species,
Gobiidae,Eviota rubrisparsa,Eviota rubrisparsa,species,
Gobiidae,Eviota shimadai,Eviota shimadai,species,
Gobiidae,Eviota sigillata,Eviota sigillata,species,
Gobiidae,Eviota n.sp. (red),Eviota,genus,n.sp.
Gobiidae,Eviota n.sp. (yellow caudal),Eviota,genus,n.sp.
Gobiidae,"Eviota sp.(red body,yellowhead&tail)",Eviota,genus,sp.
Gobiidae,"Eviota sp., cf. prasites",Eviota prasites,species,c.f.
Gobiidae,Gobiodon citrinus,Gobiodon citrinus,species,
Gobiidae,Gobiodon c.f. quinquestrigatus,Gobiodon quinquestrigatus,species,c.f.
Gobiidae,Gobiodon rivulatus,Gobiodon rivulatus,species,
Gobiidae,Gobiopsis springeri,Gobiopsis springeri,species,
Gobiidae,Grallenia n.sp.,Grallenia,genus,n.sp.
Gobiidae,Luposicya lupus,Luposicya lupus,species,
Gobiidae,Oplopomus caninoides,Oplopomus caninoides,species,
Gobiidae,Pleurosicya boldinghi,Pleurosicya boldinghi,species,
Gobiidae,Pleurosicya coerulea,Pleurosicya coerulea,species,
Gobiidae,Pleurosicya elongata,Pleurosicya elongata,species,
Gobiidae,Priolepis agrena,Priolepis agrena,species,
Gobiidae,Priolepis kappa,Priolepis kappa,species,
Gobiidae,Priolepis vexilla,Priolepis vexilla,species,
Gobiidae,Sueviota sp.,Sueviota,genus,sp.
Gobiidae,Timmatom nanus,Trimmatom nanus,species,
Gobiidae,Trimma c.f. cheni,Trimma cheni,species,c.f.
Gobiidae,Trimma griffithsi,Trimma griffithsi,species,
Gobiidae,Trimma haimassum,Trimma haimassum,species,
Gobiidae,Trimma sp.2 (Allen & Erdmann),Trimma species 2,species,Allen & Erdmann (2012) pg 946. Trimma species 2 (Striped drawfgoby). Undescribed species sometimes referred to as RW sp. 70.  
Gobiidae,Trimma tevegae,Trimma tevegae,species,
Haemulidae,Plectorhynchus lessonii,Plectorhinchus lessonii,species,
Holocentridae,Myripristis kochiensis,Myripristis kochiensis,species,
Holocentridae,Myripristis pralinea,Myripristis pralinia,species,
Holocentridae,Myrioristis violacea,Myripristis violacea,species,
Labridae,Choerodon zosterophorus,Choerodon zosterophorus,species,
Labridae,Cirrhilabrus rubrimarginatus,Cirrhilabrus rubrimarginatus,species,
Labridae,Cirrhilabrus rubripinnis,Cirrhilabrus rubripinnis,species,
Labridae,Halichoeres bicolor,Halichoeres bicolor,species,
Labridae,Halichoeres hartzfeldii,Halichoeres hartzfeldii,species,
Labridae,Leptojulis cyanopleura,Leptojulis cyanopleura,species,
Labridae,Oxycheilinus orientalis,Oxycheilinus orientalis,species,
Labridae,Pseudocoris yamashiroi,Pseudocoris yamashiroi,species,
Moringuidae,Moringua ferruginea,Moringua ferruginea,species,
Mullidae,Parupeneus barberinoides,Parupeneus barberinoides,species,
Muraenidae,Gymnothorax flavimarginatus,Gymnothorax flavimarginatus,species,
Muraenidae,Gymnothorax fuscomaculatus,Gymnothorax fuscomaculatus,species,
Muraenidae,Gymnothorax herrei,Gymnothorax herrei,species,
Muraenidae,Gymnothorax phasmatodes,Gymnothorax phasmatodes,species,
Muraenidae,Gymnothorax pseudothyrsoideus,Gymnothorax pseudothyrsoideus,species,
Muraenidae,Gymnothorax reevsii,Gymnothorax reevsii,species,
Muraenidae,Gymnothorax rueppelliae,Gymnothorax rueppelliae,species,
Muraenidae,Uropterygius nagoensis,Uropterygius nagoensis,species,
Nemipteridae,Scolopsis ciliata,Scolopsis ciliata,species,
Ophichthidae,Callechelys marmorata,Callechelys marmorata,species,
Ophichthidae,Ichthyapus vulturus,Ichthyapus vulturis,species,
Opittognathidae,Opistognathus sp. 6 (Allen & Erdmann),Opistognathus species 6,species,Allen & Erdmann (2012) pg 356. Opistognathus species 6 (Chinstrap Jawfish). Undescribed species.
Pinguipedidae,Parapercis bimacula,Parapercis bimacula,species,
Pinguipedidae,Parapercis millepunctata,Parapercis millepunctata,species,
Pinguipedidae,Parapercis schauinslandii,Parapercis schauinslandii,species,
Pinguipedidae,Parapercis n.sp.,Parapercis,genus,n.sp.
Platycephalidae,Rogadius patriciae,Rogadius patriciae,species,
Platycephalidae,sp.,Platycephalidae,family,sp.
Platycephalidae,Thysanophrys celebicus,Thysanophrys celebica,species,
Plesiopidae,Steeneichthys nativitatus,Steeneichthys nativitatus,species,
Pomacanthidae,Centropyge vrolicki,Centropyge vrolikii,species,
Pomacanthidae,Pomacanthus semicircularis,Pomacanthus semicirculatus,species,
Pomacentridae,Chromis alpha,Chromis alpha,species,
Pomacentridae,Chromis atripectoralis,Chromis atripectoralis,species,
Pomacentridae,Chromis trifasciatus,Pycnochromis retrofasciatus,species,"Valid genus name. Likely misnamed spp name as C. trifasciatus instead of C. retrofasciatus, which is valid as Pycnochromis retrofasciatus, which is present in this dataset. Valid spp name with Parupeneus trifasciatus and Chaetodon trifasciatus. However neither occur in the Philippines or are in this dataset. Chaetodon trifascialis is in this dataset, however I don't think Chromis would be confuzed with Chaetodon. Occums razor concludes P. retrofasciatus. "
Pomacentridae,Chrysiptera sp1. c.f. rex,Chrysiptera,genus,c.f.
Pomacentridae,Neopomacentrus violascens,Neopomacentrus violascens,species,
Pomacentridae,Pomacentrus nagasakiensis,Pomacentrus nagasakiensis,species,
Pomacentridae,Pomacentrus nigromarginatus,Pomacentrus nigromarginatus,species,
Pseudochromidae,Pseudochromis cf. fuscus,Pseudochromis fuscus,species,c.f.
Pseudochromidae,Pseudochromis perspicillatus,Pseudochromis perspicillatus,species,
Pseudochromidae,Pseudoplesiops immaculatus,Pseudoplesiops immaculatus,species,
Ptereleotridae,Parioglossus philippinus,Parioglossus philippinus,species,
Scaridae,Chlorurus sordidus,Chlorurus sordidus,species,
Scaridae,Scarus flavipectoralis (?),Scarus flavipectoralis,species,"marked ""?"""
Scaridae,Scarus tricolor juveniles (?),Scarus tricolor,species,"marked ""?"""
Scorpaenidae,Cocotropus dermacanthus,Cocotropus dermacanthus,species,
Scorpaenidae,Scorpaenopsis macrochir,Scorpaenopsis macrochir,species,
Scorpaenidae,Scorpaenopsis oxycephala,Scorpaenopsis oxycephalus,species,
Scorpaenidae,Sebastapistes cyanostigma,Sebastapistes cyanostigma,species,
Scorpaenidae,Sebastapistes fowleri,Sebastapistes fowleri,species,
Scorpaenidae,Taenianotus triacanthus,Taenianotus triacanthus,species,
Serranidae,Cephalopholis aitha,Cephalopholis aitha,species,
Serranidae,Epinephelus hexagonatus,Epinephelus hexagonatus,species,
Serranidae,Liopropoma swalesi,Liopropoma swalesi,species,
Serranidae,Plectranthias inermis,Plectranthias inermis,species,
Serranidae,Plectranthias longimanus,Plectranthias longimanus,species,
Serranidae,Pogonoperca punctata,Pogonoperca punctata,species,
Serranidae,Pseudanthias hypselosoma,Pseudanthias hypselosoma,species,
Serranidae,Pseudanthias pleurotaenia,Pseudanthias pleurotaenia,species,
Serranidae,Pseudanthias squamipinnis,Pseudanthias squamipinnis,species,
Serranidae,Pseudanthias tuka,Mirolabrichthys tuka,species,
Soleidae,Aseraggodes suzumotoi,Aseraggodes suzumotoi,species,
Soleidae,Heteromycteris hartzfeldii,Heteromycteris hartzfeldii,species,
Soleidae,Pardachirus paroninus,Pardachirus paroninus,species,
Solenostomidae,Solenostomus paradoxus,Solenostomus paradoxus,species,
Synanceiidae,Synancea alalua,Synanceia alula,species,misspelling
Syngnathidae,Bhanotia pauciradiata,Bhanotia pauciradiata,species,
Syngnathidae,Corythoichthys flavofasciatus,Corythoichthys flavofasciatus,species,
Syngnathidae,Corythoichthys polynotatus,Corythoichthys polynotatus,species,
Syngnathidae,Corythoichthys sculptus,Choeroichthys sculptus,species,"Valid spp name. Likely confused Choeroichthys with Corythoichthys. Choeroichthys scultpus is in the Philippines, but not in the dataset. Corythoichthys is a valid genus name. Corythoichthys schultzi is present in this dataset. "
Syngnathidae,Cosmocampus investigatoris,Cosmocampus investigatoris,species,
Syngnathidae,Doryrhamphus melanopleura,Doryrhamphus melanopleura,species,
Syngnathidae,Festucalex sp. C.f. n.sp.,Festucalex,genus,sp. C.f. n.sp.
Syngnathidae,Halicampus dunckeri,Halicampus dunckeri,species,
Syngnathidae,Halicampus macrorhynchus,Halicampus macrorhynchus,species,
Syngnathidae,Phoxocampus tetrophthalmus,Phoxocampus tetrophthalmus,species,
Syngnathidae,Trachyrhamphus longirostris,Trachyrhamphus longirostris,species,
Tetraodontidae,Canthigerter bennetti,Canthigaster bennetti,species,
Tetrarogidae,Richardsonichthys leucogaster,Richardsonichthys leucogaster,species,
Tripterygiidae,Enneapterygius flavoccipitus,Enneapterygius flavoccipitis,species,
Tripterygiidae,Enneapterygius mirabilis,Enneapterygius mirabilis,species,
Tripterygiidae,Helcogramma hudsoni,Helcogramma hudsoni,species,
Tripterygiidae,Helcogramma obtusirostre,Helcogramma obtusirostris,species,
Uranoscopidae,Uranoscopus sulphureus,Uranoscopus sulphureus,species,
,Acanthuridae,Acanthuridae,family,
,Amphiprion polymnus,Amphiprion polymnus,species,
,Clupeidae,Clupeidae,family,
,Corythoichthys schultzi Herald,Corythoichthys schultzi,species,
,Creediidae,Creediidae,family,
,Cryptocentrus albidorsus,Cryptocentrus albidorsus,species,
,Ctenochaetus binotatus Randall,Ctenochaetus binotatus,species,
,Dussumieriinae,Dussumieriinae,subfamily,
,Enneapterygius hemimelas Kner & Steindachner,Enneapterygius hemimelas,species,
,Flabellicauda alleni Fujiwara et al.,Flabellicauda alleni,species,
,Halichoeres melanochir Fowler & Bean,Halichoeres melanochir,species,
,Hypoatherina barnesi Schultz,Hypoatherina barnesi,species,
,Lepadicyathus minor,Lepadicyathus minor,species,
,Liobranchia stria,Liobranchia stria,species,
,Neamia octospina Smith & Radcliffe,Neamia octospina,species,
,Opistognathus albomaculatus Smith-Vaniz,Opistognathus albomaculatus,species,
,Opistognathus hyalinus Smith-Vaniz,Opistognathus hyalinus,species,
,Ostracion meleagris,Ostracion meleagris,species,
,Parascorpaena moultoni,Parascorpaena moultoni,species,
,Parascorpaena poseidon Chou & Liao,Parascorpaena poseidon,species,
,Plesiops cephalotaenia Inger,Plesiops cephalotaenia,species,
,Rhinolepadichthys geminus,Rhinolepadichthys geminus,species,
,Samariscus triocellatus Woods,Samariscus triocellatus,species,
,Xenisthmus africanus,Xenisthmus africanus,species,
