nice_station_pair,station_pair,sea,S_si_1978,S_su_2022,H_si_1978,H_su_2022,J_si_1978,J_su_2022,simpson_si_1978,simpson_su_2022,invsimpson_si_1978,invsimpson_su_2022,unbias_simp_si_1978,unbias_simp_su_2022,alpha_si_1978,alpha_su_2022,delta_S,delta_H,delta_J,delta_simpson,delta_invsimpson,delta_unbias_simp,delta_alpha
03_bohol,LK_79_02_SU_22_04,bohol,70,103,3.4680343183799085,3.039271446056995,0.816297093628619,0.6557603376110088,0.9501395002790005,0.8183888888888888,20.055956229793583,5.506271030896299,0.9516381430239791,0.8197551474678524,20.088163930601656,35.802941155365346,33,-0.4287628723229133,-0.1605367560176102,-0.13175061139011168,-14.549685198897285,-0.1318829955561267,15.71477722476369
01_bohol,LK_79_03_SU_22_06,bohol,75,58,3.482202406970924,3.4774232861119625,0.8065343355673464,0.8564147500851148,0.9484829583426153,0.947867813490267,19.411052495027242,19.182007641542203,0.94990072061203,0.9519185306417799,21.651116178119697,24.62251866513663,-17,-0.004779120858961594,0.04988041451776837,-6.151448523482594e-4,-0.2290448534850391,0.002017810029749878,2.9714024870169347
04_bohol,LK_79_04_SU_22_08,bohol,73,83,2.8825042147274775,3.3490606834491863,0.6718404530485299,0.7579048399121042,0.8281066267897668,0.9024894558737228,5.81755992871788,10.255301198042636,0.8296122752020114,0.9046079757234269,22.56130510908847,30.728327330460505,10,0.46655646872170875,0.08606438686357432,0.07438282908395599,4.437741269324756,0.07499570052141546,8.167022221372036
13_bohol,LK_79_13_SU_19_01,bohol,69,49,2.256511145091181,2.9060534374567797,0.5329367937819071,0.7467080221734775,0.799492954222624,0.8912869348522606,4.987355911224711,9.198526401964799,0.8000611794925354,0.8955110435482259,15.200458592139782,19.98692542409984,-20,0.6495422923655987,0.21377122839157048,0.09179398062963662,4.211170490740088,0.09544986405569045,4.786466831960059
12_bohol,LK_79_15_SU_22_22,bohol,90,41,3.394582696450972,2.8156670369514236,0.7543836173412698,0.7582098815845116,0.9208336818804815,0.8738397502601457,12.631634560676256,7.926426921807984,0.9217173994255976,0.8795140343526819,23.621451009791585,18.19627269955293,-49,-0.5789156594995486,0.0038262642432418392,-0.04699393162033583,-4.705207638868272,-0.042203365072915666,-5.425178310238653
08_bohol,LK_79_16_SU_22_23,bohol,55,53,3.0687108749352054,3.4811433904669298,0.76577382840134,0.8767978441545969,0.9172206022581224,0.950784207679827,12.080300500834724,20.31868131868132,0.9189286480723591,0.9563443492450898,15.339349040902682,26.186027497964474,-2,0.41243251553172433,0.11102401575325693,0.033563605421704557,8.238380817846597,0.03741570117273074,10.846678457061792
09_bohol,SP_78_03_SU_22_24,bohol,31,54,2.685710236312746,3.434692739459667,0.7820967512065647,0.8610444913706735,0.8800525969756738,0.9546602387511478,8.336987502740627,22.055696202531646,0.8845889505683613,0.958290125590499,10.387811219319858,20.546243525411644,23,0.7489825031469208,0.07894774016410877,0.07460764177547397,13.71870869979102,0.07370117502213769,10.158432306091786
10_bohol,SP_78_04_SU_19_03,bohol,72,85,3.6367092135676535,3.6705040927368056,0.8503607979582848,0.8261967642349884,0.9591893333333333,0.9498554130402662,24.503397804495556,19.942331976988914,0.9617540106952902,0.9523816242448642,26.483947561378272,34.16790327902106,13,0.033794879169152026,-0.02416403372329634,-0.009333920293067122,-4.561065827506642,-0.00937238645042604,7.683955717642789
11_bohol,SP_78_07_SU_19_02,bohol,94,68,3.6801344147862873,3.5267199150925093,0.8100144479173661,0.835813123594075,0.9481050058454671,0.9385288065843621,19.269681330384202,16.267782426778243,0.9500639004855076,0.9428940568473596,34.747404522291795,34.147464771589924,-26,-0.15341449969377807,0.025798675676708904,-0.009576199261104978,-3.0018989036059587,-0.007169843638147988,-0.5999397507018713
05_bohol,SP_78_09_SU_22_07,bohol,73,76,3.7719523553525156,3.7734094352836416,0.879148820095339,0.8713095771059778,0.9636903491237944,0.9622583344343154,27.540887226082308,26.495915985997666,0.9679544657128616,0.9659593280283763,37.26654296380131,36.026273166093745,3,0.0014570799311259819,-0.007839242989361228,-0.0014320146894789554,-1.0449712400846423,-0.0019951376844853375,-1.2402697977075618
07_bohol,SP_78_10_SU_22_19,bohol,55,44,2.669381967443819,3.3662677710610422,0.6661242886618034,0.8895610676824115,0.8513439750143582,0.9497959183673469,6.726938918867142,19.91869918699187,0.8532028046540625,0.9566289825282506,16.309834043674865,22.06702913036783,-11,0.6968858036172234,0.2234367790206081,0.09845194335298868,13.191760268124728,0.10342617787418806,5.757195086692963
06_bohol,SP_78_11_SU_22_20,bohol,92,46,3.726118572200507,2.5454788776145842,0.8240364423743591,0.6648517356440892,0.9528589383791601,0.8011747953008188,21.212929145361578,5.029543419874664,0.9548399340934224,0.8049718322453627,33.736521335706435,18.086989594097943,-46,-1.1806396945859228,-0.15918470673026996,-0.15168414307834133,-16.183385725486914,-0.14986810184805965,-15.649531741608492
14_sulu,SP_78_17_SU_22_18,sulu,103,74,3.640031854662688,3.4070688360306387,0.7853818128108284,0.7915932408666801,0.9490592923559956,0.9428125204574999,19.630665655224732,17.486345053147996,0.9501033619844961,0.9442563374870367,29.86264608798421,21.451979352187955,-29,-0.2329630186320495,0.006211428055851731,-0.006246771898495762,-2.1443206020767356,-0.00584702449745933,-8.410666735796255
19_sulu,SP_78_18_SU_22_09,sulu,101,93,3.2371658067318068,3.1934528167460843,0.7014260613387903,0.7045521717879492,0.9279825438518483,0.9179747614650662,13.88552239255489,12.191369606003752,0.9284383309554591,0.9187073829825962,22.32278815639671,23.202663968984027,-8,-0.043712989985722484,0.003126110449158892,-0.010007782386782127,-1.6941527865511379,-0.009730947972862891,0.879875812587315
15_sulu,SP_78_20_SU_22_14,sulu,109,68,3.908831815466949,3.39600189449244,0.8332001619989917,0.8048336753423948,0.966819057598702,0.920166468489893,30.137781739462625,12.526064938933573,0.968226363359173,0.9233504355090036,36.46655812286187,27.976450882382714,-41,-0.5128299209745086,-0.028366486656596912,-0.046652589108808984,-17.611716800529052,-0.04487592785016936,-8.490107240479155
16_sulu,SP_78_21_SU_22_13,sulu,110,72,3.7830568500191237,3.542035665739649,0.8048234553962164,0.8282235664809333,0.9510928631807752,0.9519075555555555,20.446913580246914,20.793287002809404,0.9524011064585862,0.9544527629234585,36.008677878211486,26.483947561378272,-38,-0.24102118427947472,0.023400111084716957,8.146923747802681e-4,0.3463734225624897,0.0020516564648722646,-9.524730316833214
20_sulu,SP_78_24_SU_22_11,sulu,90,107,3.3713628461923815,1.7238062996353474,0.749223432364627,0.3688999449160971,0.9205174516794896,0.5791929256419437,12.581378190939944,2.3763859044563493,0.9220963838434657,0.5793636279484216,29.727805695093203,21.019621715635846,17,-1.647556546557034,-0.38032348744852984,-0.34132452603754593,-10.204992286483595,-0.34273275589504415,-8.708183979457356
17_sulu,SP_78_25_SU_22_16,sulu,135,112,3.833526550208456,3.9327170065617385,0.7815110719299686,0.8334678281871283,0.9571159443066278,0.9599076595667935,23.31868998469175,24.94242015294647,0.9577913966320932,0.9614509194694272,36.68231922648533,39.83112006240589,-23,0.09919045635328239,0.051956756257159675,0.002791715260165639,1.6237301682547205,0.0036595228373339506,3.1488008359205537
18_sulu,SP_78_26_SU_22_15,sulu,69,113,3.3644733798644544,2.4640000814447283,0.7946123641933464,0.5212180967449968,0.9446180555555556,0.6615045006072138,18.0564263322884,2.954249027812366,0.9459318497915365,0.6621417881806153,18.793326420523023,32.26035325773262,44,-0.9004732984197261,-0.2733942674483496,-0.2831135549483418,-15.102177304476033,-0.28379006161092124,13.467026837209595
21_sulu,SP_78_27_SU_22_12,sulu,89,57,3.6103010399845057,3.53305229335714,0.8043202306004466,0.8738579007061257,0.9512200910381098,0.9556874132054034,20.500243261652233,22.56695156695157,0.9532969908001188,0.9610867771217739,32.906768176489685,29.002473180918393,-32,-0.0772487466273657,0.06953767010567913,0.004467322167293619,2.0667083052993362,0.007789786321655168,-3.9042949955712913
02_bohol,SP_78_44_SU_22_05,bohol,62,36,2.91029421477818,3.144965668835999,0.7051610011352667,0.8776193799581109,0.85845218015921,0.9380609418282548,7.064750281034206,16.14490161001789,0.8602864796894809,0.9480403135498798,19.143933852907065,21.123378737828375,-26,0.23467145405781897,0.1724583788228442,0.07960876166904485,9.080151328983684,0.08775383386039892,1.9794448849213104
