species,average,sd,cumsum,ava,avb,ratio,p
verulux_cypselurus,0.06236039440133564,0.167252863957718,0.06602636723713387,0,267.375,0.3728509809978532,0.358
spratelloides_gracilis,0.0415207348380556,0.10802414595969503,0.10998797640736709,0,78.25,0.38436531452465666,0.38
enneapterygius,0.018329401196541063,0.03522277328800826,0.12939490585766672,13.125,27.875,0.5203849522769232,0.167
cirrhilabrus_ryukyuensis,0.017944833345354575,0.022959973638285874,0.1483946599138112,0,27.25,0.7815702939410816,0.334
cirrhilabrus,0.017392824264611386,0.0338811892338213,0.16680995399927595,23,0,0.5133475140019378,0.138
helcogramma_desa,0.01653950667290673,0.03572298199628487,0.1843217666167243,40.5,3.75,0.4629934498364893,0.147
spratelloides_delicatulus,0.015239610644723565,0.035258059591047115,0.20045726637805844,0,31.5,0.43223055441750047,0.631
praealticus_striatus,0.01523487397983805,0.02792138864971752,0.21658775102077096,28.25,1.75,0.5456345374137465,0.093
archamia_bleekeri,0.014314611337566993,0.03839231239048131,0.23174387365444685,0,61.375,0.37285098099785324,0.358
chromis_ternatensis,0.014172329878224912,0.03822156937906479,0.24674935054612993,17.25,1.25,0.37079403353823465,0.599
enneapterygius_pallidoserialis,0.013791212852467875,0.03782946777807772,0.26135130573233734,38.625,0,0.36456269840676747,0.379
pseudochromis_fuscus,0.012146886292832209,0.012852791440685513,0.27421226953568795,21.875,4.375,0.9450776781751269,0.037
praealticus_bilineatus,0.011297007430679268,0.020357316583008555,0.2861733927527452,21.375,1.375,0.5549359801236491,0.099
chrysiptera_rollandi,0.011004784566961578,0.010845946791155556,0.2978251142365366,14.625,10.625,1.0146448972011874,0.336
ostorhinchus_sealei,0.010976787230407157,0.01583607901317777,0.309447192507793,18.875,0.375,0.6931505722643199,0.023
pseudochromis_tapeinosoma,0.010950614791617115,0.013479482141903587,0.3210415597443193,22,0.25,0.8123913572002149,0.039
pomacentrus_armillatus,0.010761282341035775,0.018061458353954656,0.3324354642667784,3.625,13.875,0.5958146972489369,0.212
alionematichthys,0.010692067973530301,0.029226751521026797,0.34375608552522235,22.75,0.125,0.36583155558146907,0.37
ostorhinchus_multilineatus,0.010545911324709962,0.01738367554753074,0.35492195804190796,3.5,16.5,0.6066560144818138,0.528
zoramia_fragilis,0.010138383835012796,0.02868289105547202,0.3656563458004825,16.125,0,0.35346450312157884,0.391
andamia_pacifica,0.009561545942908983,0.024316778259141518,0.37577998516873695,25.875,0,0.3932077613659395,0.317
trimma_naudei,0.009391772771321652,0.01872716270930365,0.3857238709308468,3,13.25,0.5015053757532539,0.349
altrichthys_curatus,0.0091906418196888,0.020889753402478242,0.39545480188080784,14.25,0,0.43995932563753837,0.186
ostorhinchus_cyanosoma,0.008842815506350615,0.013721648659580187,0.4048174588947286,12.375,4.5,0.6444426413860067,0.614
ctenochaetus_striatus,0.008745062670666664,0.01992927977776046,0.4140766164890369,16.875,1.125,0.43880475201243746,0.342
cirrhilabrus_temminckii,0.008030905503372762,0.009848700184001814,0.42257963384649366,4.25,12.5,0.815427960373708,0.103
pomacentrus_moluccensis,0.007955937230037407,0.013973276230838723,0.4310032757799511,10.75,0.5,0.5693680636241072,0.366
entomacrodus_decussatus,0.007528617656239951,0.015971191663611183,0.4389744773563834,18.25,1.625,0.47138734634267643,0.141
pomacentrus_amboinensis,0.007240239351547253,0.008463221558787698,0.44664034776819356,2,17.875,0.8554944829524669,0.609
amblyglyphidodon_curacao,0.006829629373048112,0.010388733407062731,0.45387146972320047,6.5,4.625,0.6574073186251002,0.13
pycnochromis_amboinensis,0.00675466824772713,0.017698076684271064,0.4610232238224319,6.75,0.75,0.38166114704035914,0.733
apogonichthyoides_uninotatus,0.006620568662817628,0.007002509011010048,0.468032995040949,7.875,4,0.945456643098653,0.059
helcogramma_fuscipectoris,0.006460705408992191,0.013924719979638065,0.4748735051442,11.25,0,0.4639738119286848,0.109
pomacentrus_alexanderae,0.006454430261466841,0.009933932882602916,0.4817073712035999,0.25,7.75,0.6497356422419913,0.233
pycnochromis_retrofasciatus,0.0063747974104064265,0.017305160366872508,0.4884569230453184,6.5,0.625,0.36837551777964356,0.944
cirrhilabrus_cyanopleura,0.0061512472999152,0.017650021810441976,0.4949697829636952,8.25,0,0.34851216423291015,0.352
pomacentrus_adelus,0.0060957337251711366,0.013547570871832023,0.5014238658376373,2.625,8.125,0.4499503108594417,0.362
entomacrodus_caudofasciatus,0.0058620382511662935,0.012704955705416791,0.507630515010487,9.875,0.25,0.4613977716322929,0.131
trimma_okinawae,0.005669876693058517,0.01351436762396143,0.5136337060473469,0.875,7.875,0.4195443583320638,0.363
halichoeres_melanurus,0.00537350563985267,0.008009528638342471,0.5193231033023477,8.5,1.125,0.6708891225045532,0.074
enneapterygius_nigricauda,0.005351093408524782,0.013405925215839878,0.524988770780934,0,11.125,0.3991588288290729,0.366
helcogramma_novaecaledoniae,0.00514844418229033,0.012262716478280752,0.5304398759181475,0,10.5,0.41984532476218095,0.337
istigobius_decoratus,0.004999157070997301,0.006749723865404707,0.5357329178210177,8.875,3.125,0.7406461613370839,0.428
trimma_hayashii,0.0049634765261844785,0.008102663907968499,0.5409881816312757,0.25,5.625,0.6125734181450113,0.165
neoglyphidodon_nigroris,0.004659515477987249,0.010000347337856916,0.545921615472581,8.625,1.25,0.46593536409964215,0.597
andamia_reyi,0.004644659846721273,0.012186225867456291,0.5508393203664522,12.75,0,0.38114014111005334,0.352
pseudoplesiops_rosae,0.004515115901675895,0.008505197142552729,0.5556198658313136,7,0.375,0.5308655197521663,0.274
entomacrodus_thalassinus,0.004431195164663076,0.008779915328580905,0.5603115571211171,7.375,0.75,0.5046967993231535,0.101
eviota,0.004381769263481864,0.006405258685215678,0.5649509169153657,6.375,0.375,0.6840893520187812,0.187
abudefduf_vaigiensis,0.004265066104302447,0.007196016623830308,0.5694667129361698,3,5.375,0.5926982005820091,0.148
fusigobius,0.00421350576608538,0.005652791827548201,0.5739279175474955,5.75,0,0.7453849168036522,0.051
cirrhilabrus_solorensis,0.00420090708681103,0.009025723751062356,0.5783757828425381,5.5,0,0.46543714417545407,0.114
apogon_crassiceps,0.00412404376449007,0.004551842293686271,0.582742266260584,0,6.625,0.9060163991644465,0.485
pristicon_rhodopterus,0.003975423288089451,0.010466614965456162,0.5869513922685623,5,0.375,0.3798193877590673,0.318
dischistodus_prosopotaenia,0.003929606137601859,0.011117399633903886,0.5911120076788624,6.25,0,0.3534645031215788,0.391
blenniidae,0.003829300661847682,0.00993163083104624,0.5951664209677422,0,8.25,0.3855661499093686,0.371
fowleria_isostigma,0.0037811602236234652,0.0072684831813430075,0.5991698637923768,6.125,0,0.5202131076438448,0.313
dascyllus_reticulatus,0.003737057468131952,0.008897876089031032,0.603126611198257,3.75,3.875,0.4199943256951911,0.789
eviota_melasma,0.0037331059929401706,0.005108725034880908,0.6070791748340594,1.25,5.375,0.730731438363113,0.203
enneapterygius_bahasa,0.0037056397139019048,0.008107373409009824,0.6110026575340558,6.375,0,0.4570703145094787,0.12
atherion_elymus,0.0036296833262191505,0.010389780731253377,0.6148457186075489,5,0,0.34935129240030477,0.346
amblyglyphidodon,0.003619944666426412,0.0052195332070682394,0.6186784685158536,5.875,0,0.6935380086334768,0.032
amblyglyphidodon_leucogaster,0.00360877187589261,0.0074914336212296845,0.6224993888201618,3.125,2,0.48171979601685994,0.33
paracheilinus,0.0035749733979246003,0.007630787259716991,0.6262845237395346,4,0.25,0.4684933908191785,0.218
paracheilinus_angulatus,0.003563705372970798,0.00926859029136721,0.6300577282219565,0.125,4.5,0.38449270719087053,0.393
halichoeres_richmondi,0.003378939679329646,0.005815928740541722,0.6336353052126299,0,6.375,0.5809802406579893,0.117
ostorhinchus_chrysopomus,0.0033727470628340996,0.009282957552881851,0.6372063255422237,0,5,0.3633267785208224,0.371
trimma_benjamini,0.003334314346021527,0.006138947691285211,0.6407366538156084,0.125,3.5,0.5431410257420644,0.836
gnatholepis_cauerensis,0.003195588627247069,0.006163907955323587,0.6441201011184514,3,2.875,0.5184354877472063,0.819
macrodontogobius_wilburi,0.003158293503994832,0.008642179433446874,0.6474640608342186,5,0,0.3654510448801418,0.377
eviota_irrasa,0.003152343118368954,0.007076487655540247,0.6508017203597719,0.875,5.625,0.4454671966962248,0.306
ecsenius_monoculus,0.003137142715153494,0.004692943052374619,0.6541232858978755,4.125,3.625,0.6684808829218813,0.525
nectamia_savayensis,0.0030927960596075234,0.006715510924680027,0.6573978977790478,4,0.5,0.4605451609409578,0.673
coris_variegata,0.003087125065799057,0.00535430049421831,0.6606665052863961,4.125,0,0.5765692585114717,0.075
apogon_doryssa,0.003005809631001315,0.00804975470257107,0.6638490170784825,6.25,0.5,0.37340387900779975,0.377
helcogramma_springeri,0.0030008270356852735,0.007256160132901546,0.6670262533640348,0.625,5.875,0.4135557899389029,0.367
hypoatherina_barnesi,0.0029793713306767015,0.008262209337609775,0.6701807726306871,4,0,0.3606022564829642,0.342
cheilodipterus_quinquelineatus,0.0029634914981024087,0.006281028130480093,0.6733184785390006,3.625,0.375,0.47181630722546897,0.518
trimma_annosum,0.002927745409370022,0.006946155594349913,0.67641833695766,0.5,4.125,0.42149148109372697,0.789
cheilodipterus_isostigma,0.0028399254812765604,0.005232787216218076,0.6794252127889142,0,3.25,0.5427175545137257,0.315
cheilinus_oxycephalus,0.0027115739297049906,0.005097629893348714,0.682296191681721,3.625,0.125,0.5319283640507128,0.159
gobiodon,0.0026944415661411085,0.0018387045760150855,0.6851490310528142,4.625,0,1.4654021104252706,0.35
amblygobius_phalaena,0.0026845726349107235,0.006077991825085528,0.6879914213290307,4.375,0.25,0.4416874375892973,0.272
myripristis_kuntee,0.0025187993083315647,0.006585881247583824,0.6906582929825071,2.5,0.375,0.38245440718440554,0.371
chrysiptera_rex,0.0024740840944277934,0.0031851311024080424,0.6932778207542998,2.625,3,0.7767605209585631,0.421
salarias_sinuosus,0.0024363558053131524,0.006892787773020409,0.695857402308686,3.875,0,0.3534645031215788,0.401
plesiops_verecundus,0.0023757077116646624,0.004987231295544685,0.6983727704574014,4.625,0,0.47635803733165283,0.13
asterropteryx_ensifera,0.0023485135075960468,0.005153730989439668,0.7008593457397186,3.625,0,0.4556919079417037,0.162
dischistodus_pseudochrysopoecilus,0.0023219496744987696,0.005958500133026975,0.7033177955841493,0.375,3.25,0.38968693843415203,0.369
eviota_atriventris,0.0023043248931367095,0.003267647581712996,0.7057575845413637,0,2.625,0.7051938238482607,0.546
dentatherina_merceri,0.002276219597009261,0.006243698565313798,0.708167615979864,6.375,0,0.36456269840676747,0.38
blenniella_periophthalmus,0.002252757596580049,0.006120124907551459,0.7105528061602014,0,4.75,0.36809013387952777,0.376
hypoatherina_panatela,0.0022523522254861306,0.004027028972881222,0.7129375671389444,3,1.625,0.5593086716420216,0.153
eviota_queenslandica,0.0022320765754995464,0.0032021329390842304,0.7153008605255586,2.625,1.625,0.6970593095169535,0.139
pomacentrus_coelestis,0.0021723075279462107,0.0032225113281662224,0.7176008712289722,0.125,6.125,0.6741039229123106,0.316
chromis_weberi,0.0021517806433794455,0.004257241984901399,0.7198791483363808,0.75,7,0.5054400597877412,0.084
thalassoma_hardwicke,0.0021344367084764333,0.0036259394242754294,0.7221390619131182,3.625,0.375,0.5886575749684393,0.581
chrysiptera_leucopoma,0.0020870679125760115,0.0059741239204706914,0.7243488220303768,2.875,0,0.34935129240030477,0.362
neoglyphidodon_melas,0.0020297579695083326,0.0021349604864125907,0.7264979031319931,3.5,0.75,0.9507239044592195,0.034
enneapterygius_nanus,0.002013766713870863,0.0024936368233060067,0.7286300529019938,0.125,3.25,0.8075621498085905,0.06
ostorhinchus_taeniophorus,0.0020097016477464502,0.003962080443489691,0.7307578986333276,2.5,0.875,0.507233933386865,0.294
diproctacanthus_xanthurus,0.0020011530206184565,0.0021062546394010726,0.732876693190442,2.625,0.125,0.9501002315596074,0.009
plesiops_coeruleolineatus,0.001984275750642485,0.0023758912991299775,0.7349776183155861,2.375,1.625,0.8351711003651988,0.406
nannosalarias_nativitatis,0.0019811843915451648,0.004161737873365451,0.7370752703502857,3.375,0.125,0.4760473753583742,0.149
oxycheilinus_digramma,0.001970758389601414,0.00267240631622294,0.7391618834709479,2.125,1.25,0.737447138048527,0.505
gymnothorax_chilospilus,0.001962734102186575,0.004451052480115485,0.7412400005813976,0,3,0.44095955079272636,0.366
ostorhinchus_nigrofasciatus,0.0019262556920520096,0.0029358878268330325,0.743279494829903,1.875,2.125,0.6561067062735426,1
pristicon_trimaculatus,0.0019231897347951076,0.0027539663355745825,0.7453157428830992,1.875,1.875,0.6983345111928744,0.569
gobiidae,0.0019039320275745846,0.0022062970964355643,0.7473316011286091,3.875,0,0.8629536025091668,0.513
salarias_obscurus,0.0018862109460488924,0.005336351824273865,0.7493286965255531,3,0,0.35346450312157884,0.391
enneapterygius_rhabdotus,0.0018860295411896953,0.004988236079770286,0.7513255998534129,5.125,0.125,0.37809548526351006,0.363
labridae,0.0018791439764003417,0.0027422842581381387,0.753315212835633,3.125,0.125,0.6852476984556582,0.822
cephalopholis_microprion,0.0018128761535285915,0.0019825802237811102,0.7552346623166285,1.25,1.875,0.9144024195253674,0.972
oxycheilinus_bimaculatus,0.0018108805584268522,0.0032310688763024418,0.7571519988877184,1.625,1.25,0.5604586679375219,0.435
zoramia_leptacanthus,0.0018076188232968552,0.005114003831595787,0.7590658819764566,2.875,0,0.35346450312157884,0.391
soleichthys_heterorhinos,0.0017967481787457991,0.003447223080933819,0.7609682553693994,0,3.125,0.5212161025155,0.178
chrysiptera_parasema,0.0017708136166422546,0.005081066884824206,0.762843169588326,2.375,0,0.34851216423291015,0.35
fowleria_variegata,0.0017706922079879024,0.004873552715262972,0.7647179552613628,0,2.625,0.3633267785208224,0.371
alionematichthys_suluensis,0.001760982746619194,0.0046187736867325975,0.7665824606841194,2.5,0.125,0.38126629838513354,0.447
eviota_teresae,0.001723457060280871,0.004698541537174379,0.7684072344026304,0,3.25,0.3668068158267955,0.381
cheilinus_chlorourus,0.0017163301601362897,0.0030543647375878354,0.7702244622527945,0.875,2.5,0.5619270478782931,0.367
helcogramma_ellioti,0.001715592687491821,0.003543974148915817,0.7720409092766005,4.25,0,0.48408724652143986,0.65
pseudocheilinus_hexataenia,0.0017144978392891399,0.002054064394612817,0.7738561970894973,2.5,1.5,0.8346855355585462,0.902
epibulus_insidiator,0.0016872865879116624,0.003802079187937224,0.7756426739865286,3.375,0,0.44377996998717983,0.185
trimma_stobbsi,0.0016848703921482923,0.0034051377928236916,0.7774265926471934,1.125,1,0.49480241172593575,0.991
pleurosicya_mossambica,0.0016783275013621587,0.0036291683728878086,0.7792035837809561,2.125,0,0.46245512164724306,0.279
pseudocheilinus_evanidus,0.001676491896319038,0.0027775539154277673,0.7809786314001878,0.625,2.5,0.6035857259177069,0.93
acanthochromis_polyacanthus,0.0016692367317476258,0.0025700963362672523,0.7827459973463806,0.625,1.75,0.6494841100672459,0.229
scolopsis_bilineata,0.001658288999520599,0.001948186886910198,0.7845017719773586,0.875,2.625,0.8511960585827709,0.212
labracinus_cyclophthalmus,0.0016347660336372694,0.00347471339956253,0.7862326408007511,3.25,0,0.4704750710786933,0.544
corythoichthys_haematopterus,0.0016249336278956804,0.004144016291782079,0.7879530992019749,2.375,0.25,0.39211564662958875,0.386
chaetodon_kleinii,0.0016061725213728226,0.0017733674755009365,0.7896536935898142,1.375,2.25,0.9057189463335088,0.217
sargocentron_diadema,0.0015917503008914828,0.0018608323835102984,0.7913390179198705,1.5,1.625,0.8553969261265673,0.415
ostorhinchus_aroubiensis,0.0015844121833114909,0.004546217739053237,0.7930165727473312,2.125,0,0.3485121642329101,0.871
parapercis_clathrata,0.0015747725396560218,0.002064325016616555,0.7946839212465905,0,2.875,0.7628510660773207,0.185
alionematichthys_piger,0.0015623878854571318,0.00360593792726575,0.7963381570365077,3.75,0.375,0.43328196906645955,0.294
fusigobius_humeralis,0.0015520772534177566,0.004276322228643053,0.7979814760645279,0,2.25,0.36294674966770596,0.362
abudefduf_sexfasciatus,0.0015510092699968128,0.003177562665759416,0.7996236643257172,1,1.75,0.4881128818355285,0.321
pseudochromis_cyanotaenia,0.001530912421182897,0.0024338745406784525,0.801244574307113,2.125,1.875,0.629002192017732,0.093
stegastes_lacrymatus,0.0015073289503781456,0.0022247618884994316,0.8028405144191068,2.375,0.625,0.6775237198057255,0.83
pseudogramma_polyacanthus,0.0014999461947447841,0.0014646174722664207,0.8044286377663196,1.125,2.25,1.0241214673096137,0.988
ucla_xenogrammus,0.0014657986458518264,0.0016053992619473735,0.8059806061368826,2,0.25,0.9130430545195284,0.049
labroides_dimidiatus,0.0014365676956177215,0.0012826742016154215,0.8075016251609353,2.125,1.125,1.1199786304335768,0.586
synodus_variegatus,0.001431995311605642,0.001808205431507346,0.8090178030047993,0.875,1.875,0.7919428216803388,0.857
pomacentrus_burroughi,0.0014257376106251885,0.0029608214835079717,0.8105273552769849,0,2.125,0.48153447229651253,0.315
bathygobius_fuscus,0.0013957878092555544,0.0030235465220791917,0.8120051970925115,1.75,0,0.4616392699973136,0.228
eviota_minuta,0.001379624225260228,0.0038011753143493807,0.8134659251174184,0,2,0.36294674966770596,0.362
halichoeres,0.0013745121821763383,0.003836639148810126,0.8149212405781934,1.75,0,0.358259437195865,0.348
enneapterygius_rubicauda,0.0013635111768773981,0.00370428612825483,0.8163649083189239,0,2.875,0.3680901338795278,0.376
pteragogus_cryptus,0.0013428374551219542,0.0019884509519618432,0.817786686994361,1.75,0.125,0.6753183697073772,0.069
helcogramma,0.0013042280822305548,0.003543230209635055,0.819167586572451,0,2.75,0.3680901338795278,0.619
meiacanthus_geminatus,0.001280587946628251,0.0030907860857393157,0.8205234562851947,2,0,0.41432435345066415,0.26
helcogramma_rhinoceros,0.0012776979105810413,0.002119458533500685,0.8218762660656976,1.875,1.375,0.6028416646919167,0.113
apogon_erythrinus,0.0012774795650802257,0.0017719283403229286,0.8232288446648495,2.125,0,0.7209544178560905,0.267
pseudoplesiops,0.0012661717554625159,0.0035268784399093292,0.8245694507035707,0,1.5,0.35900634995944664,0.394
taeniamia_melasma,0.0012647801485627874,0.0034811090823306944,0.8259085833271681,0,1.875,0.36332677852082235,0.37
plectroglyphidodon_leucozona,0.00124988596176151,0.002336688371401012,0.827231946181237,1,1.875,0.5348962989926268,0.176
halichoeres_biocellatus,0.0012192449307092802,0.0016719005061041536,0.8285228667137295,0,1.875,0.7292568704045391,0.134
entomacrodus_striatus,0.0012183645596362373,0.0024520116496188496,0.8298128551208833,2.25,0,0.4968836750125656,0.102
enneapterygius_tutuilae,0.0012076365222017781,0.0013575970869313218,0.8310914848227853,0.75,1.625,0.8895397123541928,0.1
atherion,0.0012050574337107852,0.0033054874757543636,0.8323673838196383,3.375,0,0.36456269840676747,0.377
cheilodipterus_macrodon,0.0011948478170067912,0.002386773930036835,0.8336324730083059,2.5,0,0.5006120613142239,0.309
ecsenius_kurti,0.0011630155607129011,0.0020818563922515806,0.834863858621744,1.625,0.125,0.5586435092456451,0.09
eviota_pellucida,0.0011601667540926302,0.0021477733862939915,0.8360922279561175,1.375,0,0.5401718642647452,0.791
scorpaenodes_varipinnis,0.0011588828728204216,0.00224182676014572,0.8373192379338482,0.25,1.625,0.5169368540970997,0.373
koumansetta_hectori,0.0011578604907773026,0.0013611724653342775,0.8385451654268884,1.125,1,0.8506346699372549,0.376
scolopsis_margaritifera,0.0011352232217640848,0.0016414086385866916,0.8397471248765662,1.875,0,0.6916152352783707,0.031
cirripectes_polyzona,0.00113235729210732,0.0030901413877224195,0.840946049917533,1.5,0.125,0.36644190346964056,0.845
stethojulis_strigiventer,0.0011163666176645132,0.001788321995267144,0.8421280442422452,1.25,0.875,0.6242536973872804,0.464
pomacentrus_bankanensis,0.0011012337962213478,0.001578951183184131,0.8432940161342013,0.5,1.5,0.6974463858981297,0.605
microgobius,0.0010953987894845344,0.002620775844191526,0.8444538099975972,0,1.75,0.4179673709647039,0.394
callogobius_sclateri,0.0010893135217813514,0.001697996423738757,0.845607160859406,1.375,0.625,0.6415287491494425,0.192
gobiopsis,0.001081789368598383,0.003094776140481784,0.846752545246564,1.5,0,0.3495533503854576,0.367
pseudochromis_coccinicauda,0.0010670957036431812,0.0028990065351559543,0.8478823721740922,0,2.25,0.36809013387952777,0.376
cirripectes_filamentosus,0.001063458091841094,0.0015855642963796763,0.8490083476459808,1.875,0.25,0.6707126883906828,0.924
canthigaster_papua,0.0010536373190089625,0.002164190222486711,0.8501239250124726,1.625,0,0.48685060493356525,0.298
sargocentron_rubrum,0.0010330197552345871,0.002530691586790546,0.8512176727730043,0,1.5,0.40819662128196166,0.359
aioliops_megastigma,0.0010252078833192,0.0029416703017403297,0.8523031494260671,1.375,0,0.34851216423291015,0.35
eviota_nebulosa,0.0010031885966699094,0.0017109844414094342,0.8533653123473846,0.375,1.5,0.58632245413262,0.194
labrichthys_unilineatus,0.0010022542912140324,0.0019239255560106543,0.8544264860383463,1.875,0,0.5209423452393093,0.203
scorpaenodes_guamensis,9.911579283655473e-4,0.0027518228015387084,0.8554759110459415,2.125,0,0.36018232271762984,0.895
pomacentrus_vaiuli,9.849976440024077e-4,0.0019083551579271165,0.8565188136252944,0,1.375,0.516150067722366,0.378
nectamia_viria,9.575676990648413e-4,0.0019786974755805404,0.8575326737389103,0.875,0.625,0.48393840437073155,0.701
creediidae,9.372668928861662e-4,0.002570934703364505,0.8585250396253514,2.625,0,0.36456269840676747,0.377
amblyeleotris_steinitzi,9.194676843898378e-4,0.0018736106326735357,0.8594985599434157,0.75,0.75,0.4907464060864181,0.16
amphiprion_clarkii,9.15394704220359e-4,0.001096417794987913,0.8604677678435262,1,1,0.8348958840370247,0.474
callogobius,9.011239911187678e-4,0.001364514293768715,0.8614218660998793,1.5,0,0.660399085032603,0.094
meiacanthus_grammistes,9.006112187318686e-4,0.0013697434599457576,0.8623754214395581,0.375,1.375,0.6575035727986124,0.799
enneapterygius_fuscoventer,8.941137056293355e-4,0.00218528343493169,0.8633220972976309,2.375,0,0.4091522826453332,0.233
thalassoma_lunare,8.828153425596011e-4,9.155065119970906e-4,0.8642568105971536,1,1.125,0.9642917128288069,0.96
wetmorella_nigropinnata,8.68501438851702e-4,0.00150908636918714,0.8651763685232717,1.5,0.125,0.5755147330099568,0.248
pristiapogon_kallopterus,8.618465298462215e-4,0.001247688766516929,0.8660888803190672,1.375,0,0.6907544196716366,0.984
diancistrus_fuscus,8.61817700595349e-4,0.002125419432316775,0.8670013615908302,1.125,0,0.4054812370167991,0.244
pterois_antennata,8.430471051516997e-4,9.380625123069377e-4,0.8678939688024638,0.25,1.375,0.8987110070931514,0.94
hypoatherina_temminckii,8.299633250558075e-4,0.0022547828606768535,0.8687727230794302,0,1.75,0.36809013387952777,0.376
halichoeres_prosopeion,8.271333843552155e-4,0.0019654920152475186,0.8696484810523202,0.875,0.125,0.42082764922911825,0.365
gymnothorax_buroensis,8.218497150946783e-4,0.0013679285736983013,0.8705186447455346,0,1.375,0.600798704622964,0.47
eviota_prasina,8.191373819092119e-4,0.0020620267083125677,0.8713859366559662,1.125,0,0.39724867704528527,0.307
ostorhinchus_jenkinsi,8.163118481708264e-4,0.002189378303326837,0.872250236928355,0,3.5,0.3728509809978532,0.358
scarus_scaber,8.162477057128036e-4,0.0022662070130318773,0.8731144692875511,1.75,0,0.36018232271762984,0.366
dinematichthys_iluocoeteoides,8.16095634864142e-4,0.0011833017625640905,0.8739785406361281,0.5,0.875,0.6896766832289243,0.684
pleurosicya_muscarum,7.934228668945022e-4,0.0012409744405438214,0.8748186063555136,1.125,0,0.6393547207521916,0.047
plesiops_oxycephalus,7.928416072763563e-4,0.0019267057060145445,0.8756580566448432,1.625,0,0.4115011466470278,0.242
scarus_spinus,7.800637255220296e-4,0.0018408433779427509,0.8764839778806554,0,1.125,0.42375344631100337,0.352
pseudochromis_bitaeniatus,7.797718183562174e-4,0.0010911643951937067,0.877309590048991,1,0.25,0.7146235909006086,0.058
cheilodipterus,7.79723679978102e-4,0.001220650294468286,0.8781351512490437,1.125,0.25,0.6387772841342318,0.71
kaupichthys_brachychirus,7.760386267088783e-4,0.0021381611143215266,0.8789568107630538,0,1.125,0.36294674966770596,0.793
pervagor_janthinosoma,7.675162458135223e-4,0.001766350728574673,0.8797694468920111,1,0.125,0.43452086462627765,0.5
pomacentrus_brachialis,7.545665217736314e-4,9.365349471350465e-4,0.880568372023094,0.25,1.5,0.8057003362041377,0.99
dunckerocampus_dactyliophorus,7.379516028119141e-4,0.0010056776464941759,0.8813497054960179,0.875,0.375,0.7337854285460523,0.946
halichoeres_melanochir_2,7.364509254765048e-4,0.001459602760742354,0.8821294500714723,1,0,0.504555722477495,0.112
paragobiodon,7.301504560279454e-4,0.0015271715379990903,0.8829025237925555,1.25,0,0.4781063802332206,0.353
pseudamia,7.157246723885457e-4,8.73339651341656e-4,0.8836603236832308,1,0.125,0.8195261388728012,0.024
alticus_montanoi,7.13783039089666e-4,0.0017845889705826992,0.8844160677980494,1,0.125,0.3999705539234637,0.295
soleidae,7.064369779001236e-4,0.0013431079775431598,0.8851640339996827,1.75,0,0.5259718427049718,0.086
fusigobius_signipinnis,6.977211452493708e-4,9.788042362226844e-4,0.8859027719920832,0,0.75,0.712830124174733,0.627
ctenochaetus_binotatus,6.926346110250025e-4,0.0011876439812879183,0.8866361244287977,0,1,0.5832005398401362,0.506
norfolkia_brachylepis,6.895860444278321e-4,0.0013565331486530827,0.8873662490832052,1.625,0,0.50834441098069,0.422
cephalopholis_cyanostigma,6.791662461052169e-4,0.0010027297161165633,0.8880853413918877,0.625,0.75,0.677317361986175,0.108
acanthurus_lineatus,6.78347769345182e-4,0.001554219473952985,0.8888035671081176,1.125,0,0.43645558475720264,0.232
plotosus_lineatus,6.778606335780776e-4,0.0011036942208213236,0.88952127705139,0.125,1.125,0.6141743073309215,0.971
gomphosus_varius,6.77621995404574e-4,0.0012684442425408464,0.8902387343276957,1.125,0.25,0.534215042867959,0.136
ctenogobiops,6.774230652222585e-4,0.0013138361899399213,0.8909559809793351,1.25,0,0.5156069458348803,0.31
ecsenius_yaeyamaensis,6.762347921745272e-4,0.0016066625710269302,0.8916719695030652,1.375,0,0.42089409709862,0.271
scorpaenodes,6.755573361193191e-4,0.0011517974796535235,0.8923872407452144,1,0,0.5865244090675872,0.943
canthigaster_valentini,6.748799750757317e-4,0.0010233074826497698,0.8931017948063796,0.875,1.125,0.6595084923332976,0.855
myripristis_pralinia,6.7454941256682e-4,0.0018565915105763703,0.8938159988722983,0,1,0.3633267785208224,0.676
gymnothorax_castlei,6.711433984134778e-4,0.0014517614672039448,0.8945265966951286,0,0.875,0.46229591677073695,0.366
siphamia_majimai,6.599682485136212e-4,0.0012732427085360924,0.8952253624158963,0,0.875,0.5183365622980225,0.229
ostorhinchus_novemfasciatus,6.591177564792368e-4,0.0015958436218486425,0.895923227646859,0,1.375,0.41302151881003707,0.924
enneapterygius_hemimelas,6.521140411152774e-4,0.0017716151048175275,0.8966136774359041,0,1.375,0.3680901338795278,0.376
chromis_viridis,6.4133748306006e-4,0.0017805912245250465,0.897292717146701,1.375,0,0.36018232271762984,0.85
neopomacentrus_cyanomos,6.4133748306006e-4,0.0017805912245250465,0.8979717568574979,1.375,0,0.36018232271762984,0.366
callogobius_maculipinnis,6.383903781298179e-4,8.70349482609582e-4,0.8986476762122694,1,0.125,0.7334873988960415,0.041
hetereleotris,6.371470035800899e-4,0.001333469793257769,0.8993222790983845,0.875,0,0.47781135110941725,0.121
chaetodon_vagabundus,6.316462066266892e-4,9.667531528784032e-4,0.8999910578128724,1,0.375,0.6533686543933482,0.136
pseudochromis_fowleri,6.287369820162975e-4,0.0017787839414246216,0.9006567562785205,1,0,0.35346450312157884,0.391
platycephalidae,6.283411086649229e-4,0.001161650184580892,0.901322035598659,0.875,0,0.5409038943093011,0.325
fusigobius_duospilus,6.21220858292438e-4,0.0010025449962769563,0.9019797760911423,0,0.75,0.6196438669579911,0.205
trimma,6.173191511631247e-4,9.088380231154844e-4,0.902633385507319,0.75,0,0.6792400135801571,0.468
cephalopholis_leopardus,5.837093518608197e-4,0.0011778684782421695,0.9032514093090558,0.75,0,0.4955641165743203,0.724
helcogramma_albimacula,5.836458944833882e-4,0.0014123957240329168,0.903869365922954,0,0.875,0.4132311395115679,0.357
eviota_sparsa,5.828675649382272e-4,0.0013654186063146853,0.9044864984517437,0.125,0.5,0.4268782937647291,0.717
pseudoplesiops_typus,5.826103984287381e-4,0.0013350296624774394,0.9051033586960081,0.875,0,0.4364025870013833,0.546
aspidontus_taeniatus,5.825738593693059e-4,0.0012618173025316238,0.9057201802531959,0,1.125,0.46169430249567006,0.376
diplogrammus,5.810984388949999e-4,0.0013379597527071177,0.9063354396545473,1.5,0,0.434316830322626,0.154
ctenochaetus_binotatus_2,5.81059836361472e-4,0.0017061461081008477,0.9069506581840429,0.625,0,0.34056862633427315,0.634
paracheilinus_filamentosus,5.81059836361472e-4,0.0017061461081008477,0.9075658767135384,0.625,0,0.34056862633427315,0.356
chlorurus_spilurus,5.798302194675647e-4,9.817389182841284e-4,0.9081797933408029,0,0.875,0.5906154973269115,0.203
scorpaenopsis_possi,5.789696847457569e-4,6.170309180255921e-4,0.9087927988451967,0,0.875,0.9383155168275431,0.665
amphiprion_frenatus,5.762045961231726e-4,8.798344501422221e-4,0.9094028767100433,0.75,0.25,0.6549011533135934,0.645
cephalopholis_urodeta,5.753873358742476e-4,0.0014680817678048438,0.9100120892704631,0.625,0.375,0.39193139543895994,0.33
halichoeres_kallochroma,5.711191877507181e-4,0.0010644721682514353,0.9106167827716607,1,0,0.5365280603708711,0.12
stethojulis_trilineata,5.696703554865545e-4,9.872592240294448e-4,0.9112199422682699,0.375,0.75,0.5770220643383567,0.138
nectamia_fusca,5.644386405335096e-4,6.879857552429798e-4,0.9118175624937427,0,1.125,0.8204219872752505,0.618
parapercis_lineopunctata,5.624674076491616e-4,0.0015381795903367601,0.9124130956037059,0.75,0.125,0.3656708301050973,0.353
chaetodon_triangulum,5.596279770726982e-4,0.001288469840227177,0.9130056223618366,1.125,0,0.43433533296675936,0.747
eviota_bifasciata,5.592042999922909e-4,0.001604547437312907,0.9135977005362345,0.75,0,0.3485121642329101,0.35
halichoeres_nigrescens,5.592042999922909e-4,0.001604547437312907,0.9141897787106323,0.75,0,0.3485121642329101,0.35
trimma_milta,5.575361688445941e-4,0.0011184216118720306,0.9147800906896619,0.375,1,0.49850267817284205,0.673
stethojulis_bandanensis,5.523995779097163e-4,8.560716595255198e-4,0.915364964113617,0.5,0.875,0.6452725911004755,0.809
amblygobius,5.501448592642602e-4,0.001556435948746544,0.9159474502710592,0.875,0,0.3534645031215788,0.4
eviota_storthynx,5.501448592642602e-4,0.001556435948746544,0.9165299364285012,0.875,0,0.3534645031215788,0.391
chrysiptera_cyanea,5.444524989328725e-4,0.0015584671096880065,0.9171063955895251,0.75,0,0.3493512924003047,0.356
callionymus_acutirostris,5.437664863474652e-4,0.0010284064191887902,0.9176821284094262,0,0.875,0.5287466863308669,0.141
chrysiptera_hemicyanea,5.408946842991915e-4,0.001547388070240892,0.9182548206030052,0.75,0,0.3495533503854576,0.367
chaetodon_selene,5.335478518215906e-4,0.0014495032675779771,0.9188197340667693,0,1.125,0.36809013387952777,0.376
trimma_agrena,5.275715647760483e-4,0.0014695326832955538,0.9193783199162364,0,0.625,0.3590063499594467,0.394
pseudamia_gelatinosa,5.213136007822139e-4,5.857004288301569e-4,0.91993027991555,0,0.625,0.8900686684205689,0.372
fusigobius_aureus,5.173590844725855e-4,0.0014254407428810178,0.9204780529248902,0,0.75,0.3629467496677059,0.436
pictichromis_diadema,5.157136824383032e-4,0.0014567439213198053,0.9210240838041489,0,0.5,0.3540180775019595,0.383
sargocentron_punctatissimum,5.140149957727226e-4,0.0012741668608348732,0.921568316136258,1,0.125,0.4034126232383129,0.857
valenciennea_muralis,5.09567428862015e-4,0.0011169948066774734,0.9221078394428874,0.875,0,0.456194984807257,0.137
atrosalarias_fuscus,5.013245695217836e-4,0.0011305560799339007,0.9226386353182184,1,0,0.4434318459913056,0.666
pomacentrus_philippinus,5.013245695217836e-4,0.0011305560799339007,0.9231694311935494,1,0,0.4434318459913056,0.151
balistapus_undulatus,5.002802789871198e-4,6.270296487676457e-4,0.9236991213877666,0.5,0.625,0.7978574537429974,0.999
ostorhinchus_compressus,4.962092756833348e-4,0.001109760298879985,0.9242245012571094,0.875,0.125,0.44713194027947234,0.466
paragobiodon_melanosoma,4.899724676240376e-4,9.266642483962271e-4,0.9247432776759247,0.75,0.25,0.5287486470661087,0.45
oxycheilinus_celebicus,4.890148339338217e-4,0.0010828980273095402,0.9252610401647557,0.625,0,0.4515797624535146,0.624
parapercis_millepunctata,4.8691348472356777e-4,7.19033123751265e-4,0.9257765777726189,0.625,0.125,0.677178100201133,0.091
cheilinus,4.864325198205775e-4,9.587008919497796e-4,0.9262916061411545,0.875,0.125,0.5073871568339572,0.499
parupeneus_multifasciatus,4.855805155575273e-4,5.520227903252893e-4,0.9268057324187572,0.5,0.75,0.8796385295458369,0.831
grammistes_sexlineatus,4.839473741435807e-4,0.0010781580733903368,0.9273181295476626,0,0.875,0.44886495411732835,0.363
pseudochromis_marshallensis,4.8296554773990586e-4,8.753054967926598e-4,0.9278294871316562,0.25,0.5,0.5517679821612151,0.8
istiblennius_colei,4.742647571747472e-4,0.0012884473489582018,0.9283316324327799,0,1,0.36809013387952777,0.376
stethojulis_albovittata,4.742647571747472e-4,0.0012884473489582018,0.9288337777339036,0,1,0.36809013387952777,0.376
eviota_korechika,4.7415586056753566e-4,0.0010798170085207079,0.9293358077367286,0.625,0.125,0.4391076051090398,0.221
priolepis_cincta,4.7391552489569694e-4,6.406955496013448e-4,0.9298375832752982,0.375,0.625,0.7396891162902222,0.822
cryptocentrus_caeruleomaculatus,4.715527365122231e-4,0.0013340879560684662,0.9303368571245343,0.75,0,0.35346450312157884,0.4
dischistodus_perspicillatus,4.715527365122231e-4,0.0013340879560684662,0.9308361309737703,0.75,0,0.35346450312157884,0.391
flabellicauda_alleni,4.715527365122231e-4,0.0013340879560684662,0.9313354048230063,0.75,0,0.35346450312157884,0.671
gymnothorax,4.6913122526452824e-4,5.818625772262834e-4,0.9318321148079107,0,1.25,0.8062577722404125,0.418
pentapodus_caninus,4.6547655093480346e-4,5.046597983802127e-4,0.9323249552715952,0,0.875,0.9223571055765206,0.407
istiblennius_bellus,4.6400767007561913e-4,0.001264991952316179,0.932816240503502,0,0.875,0.3668068158267955,0.381
valenciennea_sexguttata,4.577255321190902e-4,8.646441596481686e-4,0.9333008742901808,0.75,0.125,0.5293802392713122,0.195
gymnothorax_fimbriatus,4.5584089557709675e-4,9.403407827039698e-4,0.9337835126484211,0,0.75,0.4847613800885213,0.529
synodus_dermatogenys,4.5478993058085135e-4,7.363107211097912e-4,0.9342650382587152,0.5,0.25,0.6176603403185238,0.599
dischistodus_melanotus,4.545123726488891e-4,8.832342365891102e-4,0.9347462699943133,0.75,0,0.5146000390611364,0.287
salarias_fasciatus,4.537104157773938e-4,0.001298722591406672,0.9352266526284999,0.625,0,0.34935129240030477,0.371
cephalopholis_boenak,4.4025796156445626e-4,7.352847271277935e-4,0.9356927919807023,0.5,0.375,0.5987584745357274,0.32
halichoeres_nebulosus,4.359928086197818e-4,7.830260298001385e-4,0.9361544154449385,0,0.875,0.5568050001237708,0.766
halichoeres_scapularis,4.3113257039382124e-4,0.0011878672857341815,0.9366108929527219,0,0.625,0.3629467496677059,0.364
fowleria_vaiulae,4.296083000737906e-4,7.897661816956376e-4,0.9370657565830935,0.5,0.375,0.543968974654519,0.995
acanthurus_nigrofuscus,4.268748546423459e-4,0.0010762045109968693,0.9375177260773132,0,0.875,0.39664845322655196,0.603
eviota_latifasciata,4.2205725182083864e-4,0.001175626146636443,0.9379645947568869,0,0.5,0.3590063499594467,0.394
pomacentrus_stigma,4.2205725182083864e-4,0.001175626146636443,0.9384114634364605,0,0.5,0.3590063499594467,0.575
eviota_nigramembrana,4.0919397703761083e-4,0.0011847315046543763,0.9388447126494984,0.5,0,0.3453896308404373,0.725
bodianus_dictynna,4.075598215347725e-4,6.797604600712551e-4,0.9392762316401347,0.125,0.625,0.5995638838599857,0.425
cirrhilabrus_exquisitus,4.0693930936779775e-4,0.0010162875300719256,0.9397070936406319,0.5,0,0.40041749733857057,0.291
fowleria,3.929606137601859e-4,0.0011117399633903886,0.9401231551816619,0.625,0,0.3534645031215788,0.398
hemiglyphidodon_plagiometopon,3.929606137601859e-4,0.0011117399633903886,0.9405392167226918,0.625,0,0.3534645031215788,0.396
paraplotosus_albilabris,3.929606137601859e-4,0.0011117399633903886,0.9409552782637219,0.625,0,0.3534645031215788,0.391
gymnothorax_melatremus,3.8678526182872743e-4,0.001092557940989854,0.941364801423166,0,0.375,0.3540180775019595,0.427
pristiapogon_fraenatus,3.8678526182872743e-4,0.001092557940989854,0.9417743245826101,0,0.375,0.3540180775019595,0.857
paragobiodon_xanthosoma,3.8336313265610464e-4,5.60324307402631e-4,0.9421802244365948,0.5,0.125,0.6841807995679764,0.295
diancistrus,3.7280286666152725e-4,0.001069698291541938,0.9425749432195267,0.5,0,0.34851216423291015,0.35
pseudamia_hayashii,3.7280286666152725e-4,0.001069698291541938,0.9429696620024587,0.5,0,0.34851216423291015,0.374
eviota_distigma,3.616957408738249e-4,5.734418124403488e-4,0.9433526207063654,0.5,0.125,0.6307453224148172,0.633
onigocia_pedimacula,3.60596456199461e-4,0.0010315920468272613,0.9437344155020847,0.5,0,0.34955335038545754,0.617
siphamia_jebbi,3.60596456199461e-4,0.0010315920468272613,0.944116210297804,0.5,0,0.34955335038545754,0.741
blenniella_bilitonensis,3.5569856788106037e-4,9.663355117186513e-4,0.9444928192736467,0,0.75,0.3680901338795278,0.376
eviota_prasites,3.477390142745402e-4,7.193457066628136e-4,0.944861000778584,0.25,0.25,0.4834101476573343,0.291
arcygobius_baliurus,3.44906056315057e-4,9.502938285873452e-4,0.9452261827848107,0,0.5,0.36294674966770596,0.362
muraenichthys,3.44906056315057e-4,9.502938285873452e-4,0.9455913647910376,0,0.5,0.36294674966770596,0.362
parapercis_tetracantha,3.44906056315057e-4,9.502938285873452e-4,0.9459565467972642,0,0.5,0.36294674966770596,0.363
pristiapogon_urostigma,3.44906056315057e-4,9.502938285873452e-4,0.946321728803491,0,0.5,0.36294674966770596,0.362
saurida_nebulosa,3.44906056315057e-4,9.502938285873452e-4,0.9466869108097177,0,0.5,0.36294674966770596,0.363
priolepis_nuchifasciata,3.3761101170484757e-4,7.157104182098737e-4,0.9470443689184439,0.125,0.5,0.4717145414052742,0.213
chaetodon_adiergastos,3.3727470628341e-4,9.282957552881852e-4,0.9474014709514033,0,0.5,0.3633267785208224,0.37
sebastapistes_fowleri,3.346555486362167e-4,6.5880528672953e-4,0.947755799854617,0.25,0.625,0.5079733805682228,0.851
synodus_binotatus,3.3354284216470347e-4,7.561105448940558e-4,0.9481089506388207,0.375,0.125,0.4411297321761841,0.361
thysanophrys_chiltonae,3.2957277374824e-4,4.6809268259529325e-4,0.9484578979666842,0,0.375,0.704075893519541,0.572
hyporhamphus_dussumieri,3.260939483755335e-4,7.307861800179264e-4,0.9488031619598958,0.875,0,0.4462234745155338,0.114
coryphopterus,3.259254823059768e-4,6.84305654492161e-4,0.9491482475834435,0.5,0,0.47628640822477736,0.472
pomacentrus_grammorhynchus,3.2544646497031926e-4,6.317504620340957e-4,0.9494928260297226,0,0.375,0.5151503394591184,0.221
trimmatom,3.2496635224709547e-4,7.111885344524166e-4,0.9498368961389507,0,0.5,0.4569341834191759,0.31
chaetodon_lunulatus,3.236537406755962e-4,5.226762348238498e-4,0.9501795764722724,0.375,0.375,0.6192241374522655,0.757
myripristis,3.225730485944541e-4,6.997786214210614e-4,0.9505211125830004,0.375,0,0.46096442320486347,0.766
pseudanthias_huchtii,3.206939403528247e-4,8.601129048784002e-4,0.9508606591185818,0,1.375,0.3728509809978532,0.763
amblygobius_decussatus,3.1654293886562896e-4,8.817196099773323e-4,0.9511958106282621,0,0.375,0.35900634995944664,0.394
ungusurculus_williamsi,3.1654293886562896e-4,8.817196099773323e-4,0.9515309621379423,0,0.375,0.35900634995944664,0.739
scorpaenopsis_ramaraoi,3.1436849100814873e-4,8.893919707123108e-4,0.9518638113707663,0.5,0,0.35346450312157884,0.617
upeneus_tragula,3.1436849100814873e-4,8.893919707123108e-4,0.9521966606035903,0.5,0,0.35346450312157884,0.391
bathygobius_cyclopterus,3.139008671759945e-4,6.332648886570548e-4,0.9525290147224375,0.75,0,0.4956865172829562,0.274
synchiropus_ocellatus,3.1023277853337147e-4,5.547338674361302e-4,0.9528574851171661,0.375,0.125,0.5592461480082437,0.671
nectamia_luxuria,3.0846650629363107e-4,6.312788051661774e-4,0.9531840854060262,0.25,0.25,0.4886375144694277,0.811
ostorhinchus_melanoproctus,3.068954827782081e-4,8.885486284907823e-4,0.9535090223158045,0.375,0,0.3453896308404372,0.344
thalassoma_quinquevittatum,3.063091961935572e-4,5.392319049467444e-4,0.9538333384730409,0.25,0.375,0.5680472416108407,0.455
labropsis_manabei,3.0332534899690073e-4,6.223168215647222e-4,0.9541544953720225,0.125,0.25,0.48741306435238996,0.378
parapercis_hexophtalma,3.016718277881872e-4,7.00207371382833e-4,0.9544739015444474,0.125,0.375,0.4308321221931988,0.346
ecsenius_lineatus,2.990738866948488e-4,5.650293225292865e-4,0.9547905570509354,0.25,0.375,0.5293068426185037,0.138
parascorpaena_aurita,2.9716323405538296e-4,4.7901786779960955e-4,0.9551051895834823,0.25,0.25,0.6203593937328806,0.708
coris_batuensis,2.9430123462074044e-4,7.16187265959057e-4,0.9554167918685859,0,0.625,0.4109277679304131,0.373
belonepterygion_fasciolatum,2.915170377545727e-4,8.093596475113847e-4,0.9557254462825844,0.625,0,0.36018232271762984,0.366
sargocentron_caudimaculatum,2.9072734209550336e-4,6.814834111444288e-4,0.9560332645771823,0.375,0,0.4266095657519808,0.399
chrysiptera_talboti,2.900834295500079e-4,6.262904322172349e-4,0.9563404011056272,0.125,0.25,0.4631771692935421,0.974
gymnapogon_philippinus,2.8783353681382227e-4,7.062307212381213e-4,0.9566451554771682,0,0.5,0.40756303592855575,0.596
canthigaster_bennetti,2.8602931474716055e-4,6.56016924913129e-4,0.956947999562062,0.375,0.125,0.43600904776204835,0.219
dascyllus_aruanus,2.8495320407419684e-4,4.220786900390584e-4,0.9572497042750969,0.375,0,0.6751186705204847,0.858
chromileptes_altivelis,2.8305519220160494e-4,5.280836140537247e-4,0.9575493993980687,0,0.375,0.536004497524152,0.157
halichoeres_hortulanus,2.826976779123858e-4,4.317872303510108e-4,0.9578487159896028,0.25,0.375,0.65471523482196,0.572
cheiloprion_labiatus,2.8080136556906445e-4,6.372712297555054e-4,0.958146024790513,0.5,0.125,0.4406308530149655,0.249
gymnothorax_zonipectis,2.734629238433991e-4,4.0675889523607316e-4,0.9584355637456266,0,0.5,0.672297341364072,0.989
enneapterygius_fasciatus,2.7323189628050996e-4,5.812077496097159e-4,0.9587248580917881,0.125,0.25,0.470110552490029,0.464
halophryne_hutchinsi,2.7044734214959576e-4,7.73694035120446e-4,0.9590112041885775,0.375,0,0.3495533503854576,0.367
lubbockichthys,2.7044734214959576e-4,7.73694035120446e-4,0.9592975502853671,0.375,0,0.3495533503854576,0.367
xenisthmus,2.7044734214959576e-4,7.73694035120446e-4,0.9595838963821566,0.375,0,0.3495533503854576,0.497
amblyglyphidodon_batunaorum,2.693366150654783e-4,5.873502212927186e-4,0.9598690664556856,0,0.5,0.4585622092261861,0.361
cirripectes_castaneus,2.651472400432109e-4,7.228525441806738e-4,0.9601498008739179,0,0.5,0.3668068158267954,0.845
eviota_fasciola,2.651472400432109e-4,7.228525441806738e-4,0.9604305352921504,0,0.5,0.3668068158267954,0.381
scorpaenodes_parvipinnis,2.637732137917367e-4,4.4842927164503527e-4,0.9607098149094192,0.125,0.25,0.5882158691918146,0.595
trimma_macrophthalmus,2.608521811041296e-4,4.2309471845907413e-4,0.960986001775611,0.25,0.25,0.6165337682639065,0.989
amblygobius_semicinctus,2.5867954223629275e-4,7.127203714405089e-4,0.961259888280281,0,0.375,0.3629467496677059,0.362
trimma_nasa,2.578568412191516e-4,7.283719606599027e-4,0.9615329037199104,0,0.25,0.3540180775019595,0.858
centropyge_bicolor,2.5387137696243357e-4,4.779408121847992e-4,0.961801699402286,0.125,0.625,0.5311774397376059,0.451
centropyge_tibicen,2.534673659246099e-4,6.768035400424148e-4,0.9620700673230765,0.25,0.125,0.3745065605134472,0.484
chromis_xanthura,2.534673659246099e-4,6.768035400424148e-4,0.9623384352438672,0.25,0.125,0.3745065605134472,0.557
amsichthys_knighti,2.5173914342868067e-4,4.161148500221078e-4,0.96260497334535855,0.25,0.125,0.6049751490851768,0.922
diodon_holocanthus,2.473333595539396e-4,4.852587154959697e-4,0.9628668466607003,0.375,0,0.5096938017921985,0.143
chaetodon_auriga,2.444547496783502e-4,3.8333185706615654e-4,0.9631256721416819,0.375,0.125,0.6377104985463325,0.079
centropyge_vrolikii,2.3829593269521535e-4,3.756279340190748e-4,0.9633779767480637,0.25,0.25,0.6343935344358985,0.998
plesiops_cephalotaenia,2.371323785873736e-4,6.442236744791009e-4,0.9636290493986257,0,0.5,0.36809013387952777,0.376
ungusurculus,2.371323785873736e-4,6.442236744791009e-4,0.9638801220491875,0,0.5,0.36809013387952777,0.376
congrogadus_hierichthys,2.3577636825611155e-4,6.670439780342331e-4,0.9641297589738055,0.375,0,0.35346450312157884,0.391
congrogadus_subducens,2.3577636825611155e-4,6.670439780342331e-4,0.9643793958984235,0.375,0,0.35346450312157884,0.687
pomacentrus_simsiang,2.3577636825611155e-4,6.670439780342331e-4,0.9646290328230416,0.375,0,0.35346450312157884,0.391
cheilodipterus_intermedius,2.3444273356478548e-4,4.374620288098929e-4,0.9648772577127496,0,0.25,0.535915618099661,0.194
ceratobregma_helenae,2.3321363020365816e-4,6.474877180091078e-4,0.9651241812439485,0.5,0,0.36018232271762984,0.608
eviota_punctulata,2.3321363020365816e-4,6.474877180091078e-4,0.9653711047751473,0.5,0,0.36018232271762984,0.366
apogon_unicolor,2.3281878237412347e-4,4.40130729766619e-4,0.9656176102466458,0.375,0,0.5289764304745922,0.584
parapercis_pacifica,2.324239345445888e-4,6.82458443240339e-4,0.965863697658444,0.25,0,0.34056862633427315,0.356
synchiropus_moyeri,2.31033817370018e-4,4.1636088100807417e-4,0.9661083132324204,0,0.625,0.55488838627358406,0.156
acanthurus_nigricauda,2.288356781197999e-4,6.40755297172681e-4,0.9663506014454046,0,0.25,0.3571342743938793,0.413
gobiodon_prolixus,2.288356781197999e-4,6.40755297172681e-4,0.966592889658389,0,0.25,0.3571342743938793,0.48
callogobius_okinawae,2.2315878402051577e-4,6.121273103248822e-4,0.9668291672503988,0.625,0,0.36456269840676747,0.377
clupeidae,2.2315878402051577e-4,6.121273103248822e-4,0.9670654448424086,0.625,0,0.36456269840676747,0.377
amblygobius_nocturnus,2.2302589330756137e-4,4.5749404016875186e-4,0.9673015817314755,0.25,0.125,0.48749464195270337,0.144
siganus_virgatus,2.2249795801814988e-4,4.824734042764634e-4,0.967537159649586,0.375,0.125,0.4611610837944877,0.477
aseraggodes_xenicus,2.1880013410036973e-4,4.047770684197468e-4,0.9677688223602591,0,0.375,0.5405447866762002,0.593
halichoeres_marginatus,2.1836733297605492e-4,3.3998174074954747e-4,0.9680000268267811,0.375,0.125,0.6422913551022683,0.043
eviota_sebreei,2.154876530549889e-4,4.5314164903821944e-4,0.9682281823259928,0.375,0,0.4755414857856378,0.124
fowleria_aurita,2.1102862591041932e-4,5.878130733182215e-4,0.9684516166657796,0,0.25,0.3590063499594467,0.959
salarias_segmentatus,2.1102862591041932e-4,5.878130733182215e-4,0.9686750510055665,0,0.25,0.3590063499594467,0.612
abudefduf,2.0459698851880542e-4,5.923657523271881e-4,0.9688916756120854,0.25,0,0.3453896308404373,0.589
anthiadinae,2.0459698851880542e-4,5.923657523271881e-4,0.9691083002186043,0.25,0,0.3453896308404373,0.593
bryaninops_isis,2.0459698851880542e-4,5.923657523271881e-4,0.9693249248251232,0.25,0,0.3453896308404373,0.344
ostorhinchus_aureus,2.0459698851880542e-4,5.923657523271881e-4,0.9695415494316422,0.25,0,0.3453896308404373,0.592
scorpaenodes_hirsutus,2.0459698851880542e-4,5.923657523271881e-4,0.9697581740381611,0.25,0,0.3453896308404373,0.587
gymnothorax_robinsi,2.028424923888823e-4,3.658349052461103e-4,0.969972941007202,0,0.625,0.5544645671588468,0.114
dascyllus_trimaculatus,2.018709514497006e-4,5.107943433681127e-4,0.9701866793214458,0.25,0.125,0.395209841437533,0.973
apogonichthyoides_melas,2.0181600230817753e-4,4.455210250018903e-4,0.9704003594562598,0.375,0,0.452988727765028,0.478
uropterygius_xanthopterus,1.988604300324082e-4,5.421394081355054e-4,0.9706109102699342,0,0.375,0.3668068158267954,0.381
siganus_vulpinus,1.9549921092478452e-4,3.7399055655245e-4,0.9708179022689266,0.25,0,0.522738361970824,0.092
trimma_maiandros,1.9549921092478452e-4,3.7399055655245e-4,0.971024894267919,0.25,0,0.522738361970824,0.092
priolepis,1.9521523062037855e-4,3.846099956089562e-4,0.9712315855922918,0,0.25,0.507566711341687,0.309
centriscidae,1.9519893785386626e-4,3.6827846696696194e-4,0.9714382596660973,0.375,0,0.5300308200516579,0.123
bryaninops_loki,1.9244760830926797e-4,3.6810145021713285e-4,0.9716420206682866,0.25,0,0.5228113287675136,0.138
pteragogus,1.9244760830926797e-4,3.6810145021713285e-4,0.971845781670476,0.25,0,0.5228113287675136,0.113
helcogramma_striata,1.9185671466844886e-4,3.749662734187268e-4,0.9720489170422325,0,0.375,0.5116639235822723,0.138
scorpaenopsis_vittapinna,1.908816091766645e-4,3.7333544519078693e-4,0.9722510199850909,0,0.5,0.5112871323512226,0.523
trimma_cheni,1.8821151525641921e-4,3.7820793486261335e-4,0.9724502958675459,0,0.25,0.4976403134555819,0.655
diancistrus_erythraeus,1.8640143333076363e-4,5.34849145770969e-4,0.972647655259012,0.25,0,0.34851216423291015,0.35
sargocentron_cornutum,1.8640143333076363e-4,5.34849145770969e-4,0.9728450146504779,0.25,0,0.34851216423291015,0.988
ptereleotris_evides,1.8584344534063523e-4,3.6031767031714096e-4,0.9730417832515824,0.25,0.125,0.5157766622354694,0.138
amblyglyphidodon_aureus,0.00018334983071524707,3.477882022142054e-4,0.9732359116462452,0.25,0,0.5271881839232733,0.106
amphiprion,0.00018334983071524707,3.477882022142054e-4,0.9734300400409082,0.25,0,0.5271881839232733,0.695
eviota_spilota,0.00018334983071524707,3.477882022142054e-4,0.9736241684355709,0.25,0,0.5271881839232733,0.106
enneapterygius_hemimelas_2,1.8148416631095753e-4,5.194890365626688e-4,0.9738163214892455,0.25,0,0.34935129240030477,0.346
ostracion_meleagris,1.8148416631095753e-4,5.194890365626688e-4,0.9740084745429203,0.25,0,0.34935129240030477,0.346
pomacentrus_lepidogenys,1.809611845778839e-4,3.7345760562310765e-4,0.974200073870399,0.125,0.125,0.4845561634123189,0.732
asterropteryx,1.802982280997305e-4,5.157960234136306e-4,0.9743909712682587,0.25,0,0.34955335038545754,0.625
cabillus,1.802982280997305e-4,5.157960234136306e-4,0.9745818686661183,0.25,0,0.34955335038545754,0.377
cosmocampus_banneri,1.802982280997305e-4,5.157960234136306e-4,0.974772766063978,0.25,0,0.34955335038545754,0.58
parascorpaena_moultoni,1.802982280997305e-4,5.157960234136306e-4,0.9749636634618376,0.25,0,0.34955335038545754,0.687
synchiropus_bartelsi,1.802982280997305e-4,5.157960234136306e-4,0.9751545608596973,0.25,0,0.34955335038545754,0.691
chaetodontidae,1.8000559676368508e-4,3.3310979267760406e-4,0.9753451484233385,0.375,0,0.5403791804400693,0.331
plectroglyphidodon_dickii,1.8000559676368508e-4,3.3310979267760406e-4,0.9755357359869798,0.375,0,0.5403791804400693,0.653
pleurosicya_micheli,1.7879811689102475e-4,3.8201659363157087e-4,0.9757250450867777,0.125,0.125,0.4680375666180182,0.597
selar_crumenophthalmus,1.7784928394053018e-4,4.8316775585932565e-4,0.975913349574699,0,0.375,0.3680901338795278,0.376
diancistrus_machidai,1.7566559049010793e-4,3.629637402557904e-4,0.9760993419966516,0.125,0.125,0.48397559041658433,0.272
scarus_niger,1.7491022265274362e-4,4.8561578850683085e-4,0.9762845346450508,0.375,0,0.3601823227176298,0.562
cercamia_eremia,1.724530281575285e-4,4.751469142936726e-4,0.9764671256481642,0,0.25,0.36294674966770596,0.469
micrognathus_andersonii,1.724530281575285e-4,4.751469142936726e-4,0.9766497166512775,0,0.25,0.36294674966770596,0.362
xenisthmus_eirospilus,1.724530281575285e-4,4.751469142936726e-4,0.9768323076543909,0,0.25,0.36294674966770596,0.362
scarus_rubroviolaceus,1.7054519064961675e-4,3.0907545974425457e-4,0.9770128786641874,0,0.25,0.5517914323923837,0.618
diplogrammus_goramensis,1.68637353141705e-4,4.641478776440926e-4,0.9771914296806671,0,0.25,0.3633267785208224,0.37
hyporhamphus_affinis,1.68637353141705e-4,4.641478776440926e-4,0.9773699806971468,0,0.25,0.3633267785208224,0.37
istigobius_nigroocellatus,1.68637353141705e-4,4.641478776440926e-4,0.9775485317136265,0,0.25,0.3633267785208224,0.37
scorpaenodes_kelloggi,1.68637353141705e-4,4.641478776440926e-4,0.9777270827301061,0,0.25,0.3633267785208224,0.387
xenisthmus_polyzonatus,1.6765162765923722e-4,3.716952225135865e-4,0.9779045900733807,0.125,0.125,0.45104595782935863,0.796
cephalopholis_argus,1.6210243613400997e-4,2.680666108342621e-4,0.9780762220054904,0.25,0.125,0.60470953704202,0.462
phoxocampus_kampeni,1.6172761459913498e-4,3.5901274443680194e-4,0.9782474570814775,0,0.375,0.4504787562704598,0.292
myripristis_murdjan,1.6163762908550034e-4,3.5579406214238677e-4,0.9784185968819838,0.125,0.125,0.4543010867359947,0.803
tripterygiidae,1.6060190181031725e-4,3.190748683586689e-4,0.978588640068043,0.25,0,0.5033361061510687,0.668
sargocentron_tiereoides,1.5945182526920946e-4,3.6637468011032574e-4,0.9787574655681529,0.125,0.125,0.4352151879633004,0.905
gobiodon_okinawae,1.5808241518710533e-4,3.6208914198829185e-4,0.9789248411548387,0,0.25,0.4365842464069716,0.372
canthigaster_compressa,1.5718424550407436e-4,4.446959853561554e-4,0.9790912657712506,0.25,0,0.35346450312157884,0.773
chelmon_rostratus,1.5718424550407436e-4,4.446959853561554e-4,0.9792576903876626,0.25,0,0.35346450312157884,0.391
favonigobius,1.5718424550407436e-4,4.446959853561554e-4,0.9794241150040747,0.25,0,0.35346450312157884,0.391
gobiopsis_liolepis,1.5718424550407436e-4,4.446959853561554e-4,0.9795905396204867,0.25,0,0.35346450312157884,0.391
sphaeramia_nematoptera,1.5718424550407436e-4,4.446959853561554e-4,0.9797569642368986,0.25,0,0.35346450312157884,0.391
halicampus_nitidus,1.5423325314681553e-4,3.156394025830887e-4,0.9799202643813287,0.125,0.125,0.4886375144694277,0.517
alionematichthys_riukiuensis,1.5357690226017247e-4,2.7818602046105357e-4,0.9800828695900532,0.25,0.125,0.5520654920245118,0.426
amblyeleotris_wheeleri,1.5324461406497297e-4,3.1226843877892263e-4,0.9802451229763972,0.125,0.125,0.4907464060864181,0.325
diodon_liturosus,1.5231694604365295e-4,3.106901856785776e-4,0.9804063941600141,0.125,0.125,0.49025348422570186,0.65
scorpaenodes_albaiensis,1.5150412421629635e-4,2.9441141219637004e-4,0.9805668047385467,0.25,0,0.5146000390611364,0.717
pleurosicya_coerulea,1.4756692115912084e-4,2.7491916008348216e-4,0.9807230466581505,0.375,0,0.53676477519540855,0.092
ostorhinchus_fleurieu,1.4576997288764758e-4,3.909604113083637e-4,0.9808773859925055,0,0.625,0.3728509809978532,0.865
scorpaenopsis_papuensis,1.438531448209308e-4,2.8882057459752404e-4,0.9810296958144582,0.125,0.25,0.4980709737226733,0.124
plectorhinchus_polytaenia,1.436017712176959e-4,2.6389636191673856e-4,0.9811817394853385,0,0.25,0.5441597230620535,0.128
saurida_gracilis,1.4292998090856742e-4,2.882060116543946e-4,0.9813330718734554,0.125,0.125,0.49592990822121874,0.95
plagiotremus_laudandus,1.3725539865231548e-4,3.403790988987768e-4,0.9814783960883469,0.125,0.125,0.40324273463434074,0.258
doryrhamphus_excisus,1.3537383995958192e-4,2.724457388465388e-4,0.9816217281335862,0.25,0,0.49688367501256564,0.285
acanthurus,1.3419437739705368e-4,2.808921402096925e-4,0.9817638113793423,0.125,0.125,0.47774344022895926,0.514
barbuligobius_boehlkei,1.3389527041230947e-4,3.6727638619492927e-4,0.9819055779345482,0.375,0,0.3645626984067675,0.377
ecsenius_bicolor,1.3257362002160546e-4,3.614262720903369e-4,0.9820459451436644,0,0.25,0.3668068158267954,0.381
fistularia_commersonii,1.3257362002160546e-4,3.614262720903369e-4,0.9821863123527806,0,0.25,0.3668068158267954,0.381
helcogramma_chica,1.3257362002160546e-4,3.614262720903369e-4,0.9823266795618969,0,0.25,0.3668068158267954,0.381
pseudamiops_gracilicauda,1.3257362002160546e-4,3.614262720903369e-4,0.9824670467710132,0,0.25,0.3668068158267954,0.381
pseudochromis,1.3257362002160546e-4,3.614262720903369e-4,0.9826074139801294,0,0.25,0.3668068158267954,0.381
uroconger_lepturus,1.3257362002160546e-4,3.614262720903369e-4,0.9827477811892456,0,0.25,0.3668068158267954,0.406
brotula_multibarbata,1.289284206095758e-4,3.6418598032995133e-4,0.9828842889090603,0,0.125,0.3540180775019595,0.642
diancistrus_springeri,1.289284206095758e-4,3.6418598032995133e-4,0.983020796628875,0,0.125,0.3540180775019595,0.383
grammistops_ocellatus,1.289284206095758e-4,3.6418598032995133e-4,0.9831573043486898,0,0.125,0.3540180775019595,0.814
priolepis_pallidicincta,1.289284206095758e-4,3.6418598032995133e-4,0.9832938120685044,0,0.125,0.3540180775019595,0.611
samariscus_triocellatus,1.289284206095758e-4,3.6418598032995133e-4,0.9834303197883192,0,0.125,0.3540180775019595,0.622
scarus_forsteni,1.289284206095758e-4,3.6418598032995133e-4,0.9835668275081337,0,0.125,0.3540180775019595,0.383
variola_louti,1.289284206095758e-4,3.6418598032995133e-4,0.9837033352279485,0,0.125,0.3540180775019595,0.383
taeniamia_fucata,1.2633973574935974e-4,2.456922448799289e-4,0.9838371020822044,0.125,0.375,0.5142194692026305,0.13
anampses_caeruleopunctatus,1.185661892936868e-4,3.2211183723955045e-4,0.9839626384074854,0,0.25,0.36809013387952777,0.376
doryrhamphus,1.185661892936868e-4,3.2211183723955045e-4,0.9840881747327663,0,0.25,0.36809013387952777,0.376
enneapterygius_elegans,1.185661892936868e-4,3.2211183723955045e-4,0.9842137110580472,0,0.25,0.36809013387952777,0.376
gobiodon_axillaris,1.185661892936868e-4,3.2211183723955045e-4,0.9843392473833282,0,0.25,0.36809013387952777,0.376
leptoscarus,1.185661892936868e-4,3.2211183723955045e-4,0.984464783708609,0,0.25,0.36809013387952777,0.376
arothron_nigropunctatus,1.1733765002304187e-4,2.4438050275120925e-4,0.9845890192726323,0.125,0.125,0.48014325489172544,0.892
cirrhitichthys_falco,1.1661597831011806e-4,3.1276832904669093e-4,0.9847124907401165,0,0.5,0.37285098099785324,0.982
chaetodon_rafflesii,1.1660681510182908e-4,3.237438590045539e-4,0.984835952505716,0.25,0,0.36018232271762984,0.612
chaetodon_trifascialis,1.1660681510182908e-4,3.237438590045539e-4,0.9849594142713154,0.25,0,0.36018232271762984,0.366
chromis_atripectoralis,1.1660681510182908e-4,3.237438590045539e-4,0.9850828760369147,0.25,0,0.36018232271762984,0.366
cirripectes_perustus,1.1660681510182908e-4,3.237438590045539e-4,0.9852063378025142,0.25,0,0.36018232271762984,0.632
hemigymnus_melapterus,1.1660681510182908e-4,3.237438590045539e-4,0.9853297995681136,0.25,0,0.36018232271762984,0.607
liobranchia_stria,1.1660681510182908e-4,3.237438590045539e-4,0.985453261333713,0.25,0,0.36018232271762984,0.366
myripristis_adusta,1.1660681510182908e-4,3.237438590045539e-4,0.9855767230993125,0.25,0,0.36018232271762984,0.366
sargocentron_microstoma,1.1660681510182908e-4,3.237438590045539e-4,0.985700184864912,0.25,0,0.36018232271762984,0.366
sargocentron_spiniferum,1.1660681510182908e-4,3.237438590045539e-4,0.9858236466305114,0.25,0,0.36018232271762984,0.583
acreichthys_radiatus,1.162119672722944e-4,3.412292216201695e-4,0.9859466903364105,0.125,0,0.34056862633427315,0.731
bodianus_mesothorax,1.162119672722944e-4,3.412292216201695e-4,0.9860697340423096,0.125,0,0.34056862633427315,0.892
calumia_profunda,1.162119672722944e-4,3.412292216201695e-4,0.9861927777482087,0.125,0,0.34056862633427315,0.593
centropyge_bispinosa,1.162119672722944e-4,3.412292216201695e-4,0.9863158214541078,0.125,0,0.34056862633427315,0.634
cephalopholis_spiloparaea,1.162119672722944e-4,3.412292216201695e-4,0.9864388651600069,0.125,0,0.34056862633427315,0.356
choerodon,1.162119672722944e-4,3.412292216201695e-4,0.986561908865906,0.125,0,0.34056862633427315,0.356
coradion_altivelis,1.162119672722944e-4,3.412292216201695e-4,0.9866849525718051,0.125,0,0.34056862633427315,0.356
meiacanthus_atrodorsalis,1.162119672722944e-4,3.412292216201695e-4,0.9868079962777042,0.125,0,0.34056862633427315,0.848
neoniphon_opercularis,1.162119672722944e-4,3.412292216201695e-4,0.9869310399836033,0.125,0,0.34056862633427315,0.356
ostracion_cubicum,1.162119672722944e-4,3.412292216201695e-4,0.9870540836895024,0.125,0,0.34056862633427315,0.596
paradiancistrus_cuyoensis,1.162119672722944e-4,3.412292216201695e-4,0.9871771273954015,0.125,0,0.34056862633427315,0.356
pempheris,1.162119672722944e-4,3.412292216201695e-4,0.9873001711013006,0.125,0,0.34056862633427315,0.356
priolepis_fallacincta,1.162119672722944e-4,3.412292216201695e-4,0.9874232148071997,0.125,0,0.34056862633427315,0.794
pycnochromis_ovatiformis,1.162119672722944e-4,3.412292216201695e-4,0.9875462585130989,0.125,0,0.34056862633427315,0.356
siphamia_cyanophthalma,1.162119672722944e-4,3.412292216201695e-4,0.987669302218998,0.125,0,0.34056862633427315,0.356
synchiropus_laddi,1.162119672722944e-4,3.412292216201695e-4,0.9877923459248971,0.125,0,0.34056862633427315,0.356
amphiprion_ocellaris,1.1441783905989996e-4,3.203776485863405e-4,0.9879134900313892,0,0.125,0.3571342743938793,0.77
diademichthys_lineatus,1.1441783905989996e-4,3.203776485863405e-4,0.9880346341378814,0,0.125,0.3571342743938793,0.749
enchelycore_bayeri,1.1441783905989996e-4,3.203776485863405e-4,0.9881557782443735,0,0.125,0.3571342743938793,0.625
gymnothorax_meleagris,1.1441783905989996e-4,3.203776485863405e-4,0.9882769223508656,0,0.125,0.3571342743938793,0.413
gymnothorax_pindae,1.1441783905989996e-4,3.203776485863405e-4,0.9883980664573578,0,0.125,0.3571342743938793,0.413
parascorpaena_mcadamsi,1.1441783905989996e-4,3.203776485863405e-4,0.98851921056385,0,0.125,0.3571342743938793,0.95
plesiopidae,1.1441783905989996e-4,3.203776485863405e-4,0.9886403546703422,0,0.125,0.3571342743938793,0.413
epinephelus_fasciatus,1.1172183739983533e-4,2.592226566112215e-4,0.9887586442856563,0.125,0.125,0.43098793469813934,0.479
callogobius_mannarensis,1.0551431295520966e-4,2.9390653665911073e-4,0.9888703614555496,0,0.125,0.3590063499594467,0.394
eviota_herrei,1.0551431295520966e-4,2.9390653665911073e-4,0.9889820786254431,0,0.125,0.3590063499594467,0.394
fowleria_marmorata,1.0551431295520966e-4,2.9390653665911073e-4,0.9890937957953365,0,0.125,0.3590063499594467,0.943
fusigobius_gracilis,1.0551431295520966e-4,2.9390653665911073e-4,0.9892055129652298,0,0.125,0.3590063499594467,0.619
halichoeres_melanochir,1.0551431295520966e-4,2.9390653665911073e-4,0.9893172301351233,0,0.125,0.3590063499594467,0.394
suttonia_lineata,1.0551431295520966e-4,2.9390653665911073e-4,0.9894289473050168,0,0.125,0.3590063499594467,0.394
trimma_striatum,1.0551431295520966e-4,2.9390653665911073e-4,0.9895406644749102,0,0.125,0.3590063499594467,0.584
canthigaster_janthinoptera,1.029351643550177e-4,1.8948229286420333e-4,0.9896496508761119,0.25,0,0.5432442409211738,0.419
eviota_albolineata,1.029351643550177e-4,1.8948229286420333e-4,0.9897586372773136,0.25,0,0.5432442409211738,0.924
apogon_coccineus,1.0229849425940271e-4,2.961828761635941e-4,0.989866949580573,0.125,0,0.3453896308404373,0.947
aulostomus_chinensis,1.0229849425940271e-4,2.961828761635941e-4,0.9899752618838326,0.125,0,0.3453896308404373,0.847
istigobius_rigilius,1.0229849425940271e-4,2.961828761635941e-4,0.9900835741870919,0.125,0,0.3453896308404373,0.344
neamia_octospina_2,1.0229849425940271e-4,2.961828761635941e-4,0.9901918864903514,0.125,0,0.3453896308404373,0.95
parapercis_cylindrica,1.0229849425940271e-4,2.961828761635941e-4,0.9903001987936109,0.125,0,0.3453896308404373,0.943
plectorhinchus_chaetodonoides,1.0229849425940271e-4,2.961828761635941e-4,0.9904085110968703,0.125,0,0.3453896308404373,0.585
rudarius_minutus,1.0229849425940271e-4,2.961828761635941e-4,0.9905168234001298,0.125,0,0.3453896308404373,0.609
valenciennea_parva,1.0229849425940271e-4,2.961828761635941e-4,0.9906251357033893,0.125,0,0.3453896308404373,0.344
valenciennea_puellaris,1.0229849425940271e-4,2.961828761635941e-4,0.9907334480066488,0.125,0,0.3453896308404373,0.585
acanthurus_olivaceus,9.544080458833225e-5,1.8666772259539347e-4,0.9908344994780778,0,0.25,0.5112871323512226,0.13
petroscirtes_breviceps,9.544080458833225e-5,1.8666772259539347e-4,0.9909355509495069,0,0.25,0.5112871323512226,0.13
plagiotremus_rhinorhynchos,9.544080458833225e-5,1.8666772259539347e-4,0.9910366024209362,0,0.25,0.5112871323512226,0.886
pherallodus_indicus,9.441925740658314e-5,1.8583127168424245e-4,0.991136572291615,0.125,0.125,0.5080913268839747,0.142
callionymus_enneactis,9.320071666538181e-5,2.674245728854845e-4,0.9912352519873481,0.125,0,0.34851216423291015,0.35
chaetodon_octofasciatus,9.320071666538181e-5,2.674245728854845e-4,0.991333931683081,0.125,0,0.34851216423291015,0.59
ecsenius_bimaculatus,9.320071666538181e-5,2.674245728854845e-4,0.9914326113788139,0.125,0,0.34851216423291015,0.599
eviota_infulata,9.320071666538181e-5,2.674245728854845e-4,0.991531291074547,0.125,0,0.34851216423291015,0.35
myripristis_violacea,9.320071666538181e-5,2.674245728854845e-4,0.9916299707702799,0.125,0,0.34851216423291015,0.954
plesiops_cephalotaenia_2,9.320071666538181e-5,2.674245728854845e-4,0.991728650466013,0.125,0,0.34851216423291015,0.35
ablabys_taenianotus,9.074208315547877e-5,2.597445182813344e-4,0.9918247269928502,0.125,0,0.34935129240030477,0.371
amphiprion_polymnus,9.074208315547877e-5,2.597445182813344e-4,0.9919208035196876,0.125,0,0.34935129240030477,0.346
bathygobius,9.074208315547877e-5,2.597445182813344e-4,0.9920168800465249,0.125,0,0.34935129240030477,0.346
blenniella_chrysospilos,9.074208315547877e-5,2.597445182813344e-4,0.9921129565733622,0.125,0,0.34935129240030477,0.346
exallias_brevis,9.074208315547877e-5,2.597445182813344e-4,0.9922090331001996,0.125,0,0.34935129240030477,0.346
istiblennius_edentulus,9.074208315547877e-5,2.597445182813344e-4,0.9923051096270369,0.125,0,0.34935129240030477,0.346
scorpaenopsis_diabolus,9.074208315547877e-5,2.597445182813344e-4,0.9924011861538742,0.125,0,0.34935129240030477,0.371
sebastapistes_cyanostigma,9.074208315547877e-5,2.597445182813344e-4,0.9924972626807115,0.125,0,0.34935129240030477,0.346
xenisthmus_africanus,9.074208315547877e-5,2.597445182813344e-4,0.9925933392075489,0.125,0,0.34935129240030477,0.346
amblyeleotris_guttata,9.014911404986525e-5,2.578980117068153e-4,0.9926887879064786,0.125,0,0.34955335038545754,0.597
amphiprion_perideraion,9.014911404986525e-5,2.578980117068153e-4,0.9927842366054086,0.125,0,0.34955335038545754,0.849
bryaninops_erythrops,9.014911404986525e-5,2.578980117068153e-4,0.9928796853043383,0.125,0,0.34955335038545754,0.367
chaetodontoplus_mesoleucus,9.014911404986525e-5,2.578980117068153e-4,0.9929751340032682,0.125,0,0.34955335038545754,0.367
ecsenius_namiyei,9.014911404986525e-5,2.578980117068153e-4,0.993070582702198,0.125,0,0.34955335038545754,0.367
halichoeres_margaritaceus,9.014911404986525e-5,2.578980117068153e-4,0.9931660314011279,0.125,0,0.34955335038545754,0.6
opistognathus_albomaculatus,9.014911404986525e-5,2.578980117068153e-4,0.9932614801000577,0.125,0,0.34955335038545754,0.367
pomacanthus_sexstriatus,9.014911404986525e-5,2.578980117068153e-4,0.9933569287989875,0.125,0,0.34955335038545754,0.367
priolepis_semidoliata,9.014911404986525e-5,2.578980117068153e-4,0.9934523774979173,0.125,0,0.34955335038545754,0.852
atherinomorus_lacunosus,8.926351360820631e-5,2.4485092412995286e-4,0.9935468885347213,0.25,0,0.36456269840676747,0.377
helcogramma_fuscopinna,8.926351360820631e-5,2.4485092412995286e-4,0.9936413995715252,0.25,0,0.36456269840676747,0.377
lutjanus_lemniscatus,8.926351360820631e-5,2.4485092412995286e-4,0.9937359106083291,0.25,0,0.36456269840676747,0.377
plectroglyphidodon_fasciolatus,8.926351360820631e-5,2.4485092412995286e-4,0.9938304216451331,0.25,0,0.36456269840676747,0.598
ostorhinchus_parvulus,8.746198373258855e-5,2.3457624678501821e-4,0.9939230252457462,0,0.375,0.3728509809978532,0.358
paraluteres_prionurus,8.746198373258855e-5,2.3457624678501821e-4,0.9940156288463592,0,0.375,0.3728509809978532,0.615
brachysomophis,8.622651407876426e-5,2.375734571468363e-4,0.9941069243479159,0,0.125,0.36294674966770596,0.362
ctenogobiops_aurocingulus,8.622651407876426e-5,2.375734571468363e-4,0.9941982198494727,0,0.125,0.36294674966770596,0.362
gymnapogon_vanderbilti,8.622651407876426e-5,2.375734571468363e-4,0.9942895153510293,0,0.125,0.36294674966770596,0.624
gymnothorax_enigmaticus,8.622651407876426e-5,2.375734571468363e-4,0.994380810852586,0,0.125,0.36294674966770596,0.362
gymnothorax_margaritophorus,8.622651407876426e-5,2.375734571468363e-4,0.9944721063541426,0,0.125,0.36294674966770596,0.598
halichoeres_podostisma,8.622651407876426e-5,2.375734571468363e-4,0.9945634018556992,0,0.125,0.36294674966770596,0.362
leiuranus_semicinctus,8.622651407876426e-5,2.375734571468363e-4,0.9946546973572561,0,0.125,0.36294674966770596,0.362
limnichthys_nitidus,8.622651407876426e-5,2.375734571468363e-4,0.9947459928588127,0,0.125,0.36294674966770596,0.362
moringua,8.622651407876426e-5,2.375734571468363e-4,0.9948372883603694,0,0.125,0.36294674966770596,0.61
ostorhinchus,8.622651407876426e-5,2.375734571468363e-4,0.9949285838619261,0,0.125,0.36294674966770596,0.649
zebrasoma_scopas,8.622651407876426e-5,2.375734571468363e-4,0.9950198793634827,0,0.125,0.36294674966770596,0.599
cheilodipterus_singapurensis,8.43186765708525e-5,2.320739388220463e-4,0.9951091548717226,0,0.125,0.3633267785208224,0.592
lutjanus_russelli,8.43186765708525e-5,2.320739388220463e-4,0.9951984303799625,0,0.125,0.3633267785208224,0.37
neoglyphidodon_oxyodon,8.43186765708525e-5,2.320739388220463e-4,0.9952877058882023,0,0.125,0.3633267785208224,0.37
scarus_hypselopterus,8.43186765708525e-5,2.320739388220463e-4,0.995376981396442,0,0.125,0.3633267785208224,0.766
scarus_psittacus,8.43186765708525e-5,2.320739388220463e-4,0.9954662569046819,0,0.125,0.3633267785208224,0.877
scarus_schlegeli,8.43186765708525e-5,2.320739388220463e-4,0.9955555324129218,0,0.125,0.3633267785208224,0.616
arothron_hispidus,7.859212275203718e-5,2.223479926780777e-4,0.9956387447211278,0.125,0,0.35346450312157884,0.649
atherinomorus,7.859212275203718e-5,2.223479926780777e-4,0.9957219570293339,0.125,0,0.35346450312157884,0.391
caesio,7.859212275203718e-5,2.223479926780777e-4,0.9958051693375398,0.125,0,0.35346450312157884,0.391
chaetodon,7.859212275203718e-5,2.223479926780777e-4,0.9958883816457458,0.125,0,0.35346450312157884,0.627
chaetodon_unimaculatus,7.859212275203718e-5,2.223479926780777e-4,0.9959715939539519,0.125,0,0.35346450312157884,0.391
cryptocentrus,7.859212275203718e-5,2.223479926780777e-4,0.9960548062621578,0.125,0,0.35346450312157884,0.391
ctenogobiops_crocineus,7.859212275203718e-5,2.223479926780777e-4,0.9961380185703638,0.125,0,0.35346450312157884,0.391
laiphognathus_multimaculatus,7.859212275203718e-5,2.223479926780777e-4,0.9962212308785698,0.125,0,0.35346450312157884,0.391
parupeneus_barberinus,7.859212275203718e-5,2.223479926780777e-4,0.9963044431867759,0.125,0,0.35346450312157884,0.596
ptereleotris_microlepis,7.859212275203718e-5,2.223479926780777e-4,0.9963876554949818,0.125,0,0.35346450312157884,0.391
scolopsis_lineata,7.859212275203718e-5,2.223479926780777e-4,0.9964708678031878,0.125,0,0.35346450312157884,0.391
stethojulis_interrupta,7.859212275203718e-5,2.223479926780777e-4,0.9965540801113939,0.125,0,0.35346450312157884,0.625
syngnathoides_biaculeatus,7.859212275203718e-5,2.223479926780777e-4,0.9966372924195999,0.125,0,0.35346450312157884,0.391
valenciennea,7.859212275203718e-5,2.223479926780777e-4,0.9967205047278058,0.125,0,0.35346450312157884,0.625
aeoliscus_strigatus,6.628681001080273e-5,1.8071313604516845e-4,0.996790688332364,0,0.125,0.3668068158267954,0.381
anampses_geographicus,6.628681001080273e-5,1.8071313604516845e-4,0.9968608719369221,0,0.125,0.3668068158267954,0.849
apogonichthys_perdix,6.628681001080273e-5,1.8071313604516845e-4,0.9969310555414802,0,0.125,0.3668068158267954,0.612
epinephelus_merra,6.628681001080273e-5,1.8071313604516845e-4,0.9970012391460383,0,0.125,0.3668068158267954,0.908
gymnothorax_rueppelliae,6.628681001080273e-5,1.8071313604516845e-4,0.9970714227505963,0,0.125,0.3668068158267954,0.381
halichoeres_podostigma,6.628681001080273e-5,1.8071313604516845e-4,0.9971416063551546,0,0.125,0.3668068158267954,0.86
helcogramma_trigloides,6.628681001080273e-5,1.8071313604516845e-4,0.9972117899597126,0,0.125,0.3668068158267954,0.381
holocentridae,6.628681001080273e-5,1.8071313604516845e-4,0.9972819735642708,0,0.125,0.3668068158267954,0.381
nectamia_bandanensis,6.628681001080273e-5,1.8071313604516845e-4,0.9973521571688289,0,0.125,0.3668068158267954,0.633
rhinecanthus_verrucosus,6.628681001080273e-5,1.8071313604516845e-4,0.997422340773387,0,0.125,0.3668068158267954,0.381
scorpaenopsis_venosa,6.628681001080273e-5,1.8071313604516845e-4,0.9974925243779451,0,0.125,0.3668068158267954,0.614
synodontidae,6.628681001080273e-5,1.8071313604516845e-4,0.9975627079825031,0,0.125,0.3668068158267954,0.381
valenciennea_strigata,6.628681001080273e-5,1.8071313604516845e-4,0.9976328915870614,0,0.125,0.3668068158267954,0.381
ablabys_macracanthus,5.92830946468434e-5,1.6105591861977523e-4,0.9976956597497019,0,0.125,0.36809013387952777,0.376
acanthurus_triostegus,5.92830946468434e-5,1.6105591861977523e-4,0.9977584279123421,0,0.125,0.36809013387952777,0.376
amblycirrhitus_bimacula,5.92830946468434e-5,1.6105591861977523e-4,0.9978211960749827,0,0.125,0.36809013387952777,0.865
callionymus_japonicus,5.92830946468434e-5,1.6105591861977523e-4,0.9978839642376232,0,0.125,0.36809013387952777,0.376
chaetodon_melannotus,5.92830946468434e-5,1.6105591861977523e-4,0.9979467324002637,0,0.125,0.36809013387952777,0.614
enchelycore_schismatorhynchus,5.92830946468434e-5,1.6105591861977523e-4,0.9980095005629042,0,0.125,0.36809013387952777,0.626
gymnothorax_undulatus,5.92830946468434e-5,1.6105591861977523e-4,0.9980722687255446,0,0.125,0.36809013387952777,0.376
halichoeres_argus,5.92830946468434e-5,1.6105591861977523e-4,0.998135036888185,0,0.125,0.36809013387952777,0.619
heniochus_diphreutes,5.92830946468434e-5,1.6105591861977523e-4,0.9981978050508254,0,0.125,0.36809013387952777,0.376
parupeneus_crassilabris,5.92830946468434e-5,1.6105591861977523e-4,0.998260573213466,0,0.125,0.36809013387952777,0.376
pterois_radiata,5.92830946468434e-5,1.6105591861977523e-4,0.9983233413761065,0,0.125,0.36809013387952777,0.376
rhabdoblennius_nitidus,5.92830946468434e-5,1.6105591861977523e-4,0.9983861095387468,0,0.125,0.36809013387952777,0.376
sebastapistes_mauritiana,5.92830946468434e-5,1.6105591861977523e-4,0.9984488777013873,0,0.125,0.36809013387952777,0.376
soleichthys,5.92830946468434e-5,1.6105591861977523e-4,0.9985116458640277,0,0.125,0.36809013387952777,0.622
strongylura_incisa,5.92830946468434e-5,1.6105591861977523e-4,0.9985744140266682,0,0.125,0.36809013387952777,0.376
caesio_caerulaurea,5.830798915505903e-5,1.5638416452334547e-4,0.9986361497604104,0,0.25,0.37285098099785324,0.611
halichoeres_chrysus,5.830798915505903e-5,1.5638416452334547e-4,0.9986978854941523,0,0.25,0.37285098099785324,0.358
macropharyngodon_negrosensis,5.830798915505903e-5,1.5638416452334547e-4,0.9987596212278944,0,0.25,0.37285098099785324,0.582
plectranthias_nanus,5.830798915505903e-5,1.5638416452334547e-4,0.9988213569616364,0,0.25,0.37285098099785324,0.763
anyperodon_leucogrammicus,5.830340755091454e-5,1.6187192950227694e-4,0.9988830878444362,0.125,0,0.36018232271762984,0.366
bothus_pantherinus,5.830340755091454e-5,1.6187192950227694e-4,0.9989448187272358,0.125,0,0.36018232271762984,0.599
cheilinus_fasciatus,5.830340755091454e-5,1.6187192950227694e-4,0.9990065496100357,0.125,0,0.36018232271762984,0.366
cryptocentrus_nigrocellatus,5.830340755091454e-5,1.6187192950227694e-4,0.9990682804928354,0.125,0,0.36018232271762984,0.366
heniochus,5.830340755091454e-5,1.6187192950227694e-4,0.9991300113756351,0.125,0,0.36018232271762984,0.366
lepadichthys_misakius,5.830340755091454e-5,1.6187192950227694e-4,0.9991917422584348,0.125,0,0.36018232271762984,0.366
opistognathus_dendriticus,5.830340755091454e-5,1.6187192950227694e-4,0.9992534731412345,0.125,0,0.36018232271762984,0.366
sargocentron_violaceum,5.830340755091454e-5,1.6187192950227694e-4,0.9993152040240342,0.125,0,0.36018232271762984,0.611
siganus_corallinus,5.830340755091454e-5,1.6187192950227694e-4,0.9993769349068339,0.125,0,0.36018232271762984,0.366
sunagocia_arenicola,5.830340755091454e-5,1.6187192950227694e-4,0.9994386657896337,0.125,0,0.36018232271762984,0.773
taeniura_lymma,5.830340755091454e-5,1.6187192950227694e-4,0.9995003966724333,0.125,0,0.36018232271762984,0.366
trimmatom_macropodus,5.830340755091454e-5,1.6187192950227694e-4,0.9995621275552331,0.125,0,0.36018232271762984,0.366
aspasmodes_briggsi,4.463175680410316e-5,1.2242546206497643e-4,0.999609383073635,0.125,0,0.36456269840676747,0.377
gobiopsis_arenaria,4.463175680410316e-5,1.2242546206497643e-4,0.999656638592037,0.125,0,0.36456269840676747,0.377
halicampus_brocki,4.463175680410316e-5,1.2242546206497643e-4,0.999703894110439,0.125,0,0.36456269840676747,0.377
plectorhinchus_vittatus,4.463175680410316e-5,1.2242546206497643e-4,0.999751149628841,0.125,0,0.36456269840676747,0.377
pomacanthus_semicirculatus,4.463175680410316e-5,1.2242546206497643e-4,0.9997984051472428,0.125,0,0.36456269840676747,0.377
pomacentrus_chrysurus,4.463175680410316e-5,1.2242546206497643e-4,0.9998456606656448,0.125,0,0.36456269840676747,0.89
aethaloperca_rogaa,2.9153994577529516e-5,7.819208226167273e-5,0.9998765285325159,0,0.125,0.37285098099785324,0.358
cephalopholis_miniata,2.9153994577529516e-5,7.819208226167273e-5,0.999907396399387,0,0.125,0.37285098099785324,0.358
eviota_jewettae,2.9153994577529516e-5,7.819208226167273e-5,0.999938264266258,0,0.125,0.37285098099785324,0.759
opistognathus_solorensis,2.9153994577529516e-5,7.819208226167273e-5,0.999969132133129,0,0.125,0.37285098099785324,0.358
pseudochromis_caudalis,2.9153994577529516e-5,7.819208226167273e-5,1,0,0.125,0.37285098099785324,0.358
abantennarius_coccineus,0,0,1,0,0,NA,0.753
acanthurus_grammoptilus,0,0,1,0,0,NA,0.393
acanthurus_nigricans,0,0,1,0,0,NA,0.4
acanthurus_pyroferus,0,0,1,0,0,NA,0.65
acreichthys_tomentosus,0,0,1,0,0,NA,0.382
alionematichthys_plicatosurculus,0,0,1,0,0,NA,0.766
amanses_scopas,0,0,1,0,0,NA,0.4
amblyeleotris,0,0,1,0,0,NA,0.376
amphiprion_biaculeatus,0,0,1,0,0,NA,0.592
amphiprion_bicinctus,0,0,1,0,0,NA,0.364
amphiprion_sandaracinos,0,0,1,0,0,NA,0.619
anampses_melanurus,0,0,1,0,0,NA,0.38
ancistrogobius_squamiceps,0,0,1,0,0,NA,0.393
antennarius,0,0,1,0,0,NA,0.364
antennarius_pictus,0,0,1,0,0,NA,0.376
apogon,0,0,1,0,0,NA,0.772
apogon_semiornatus,0,0,1,0,0,NA,0.389
apogonichthyoides_timorensis,0,0,1,0,0,NA,0.427
apogonichthys_ocellatus,0,0,1,0,0,NA,0.776
aporops_bilinearis,0,0,1,0,0,NA,0.376
apterichtus,0,0,1,0,0,NA,0.62
arothron_manilensis,0,0,1,0,0,NA,0.427
arothron_reticularis,0,0,1,0,0,NA,0.427
aseraggodes,0,0,1,0,0,NA,0.382
aseraggodes_matsuurai,0,0,1,0,0,NA,0.4
aseraggodes_winterbottomi,0,0,1,0,0,NA,0.372
asterorhombus_cocosensis,0,0,1,0,0,NA,0.76
asterropteryx_bipunctata,0,0,1,0,0,NA,0.919
asterropteryx_semipunctata,0,0,1,0,0,NA,0.653
asterropteryx_senoui,0,0,1,0,0,NA,0.359
asterropteryx_spinosa,0,0,1,0,0,NA,0.376
atherinidae,0,0,1,0,0,NA,0.4
atrosalarias_hosokawai,0,0,1,0,0,NA,0.591
aulostomidae,0,0,1,0,0,NA,0.397
bathygobius_laddi,0,0,1,0,0,NA,0.609
belonepterygion,0,0,1,0,0,NA,0.375
brachaelurus_waddi,0,0,1,0,0,NA,0.376
brachysomophis_umbonis,0,0,1,0,0,NA,0.376
brosmophyciops_pautzkei,0,0,1,0,0,NA,0.397
brotulinella_taiwanensis,0,0,1,0,0,NA,0.376
bythitidae,0,0,1,0,0,NA,0.38
cabillus_tongarevae,0,0,1,0,0,NA,0.371
callionymus,0,0,1,0,0,NA,0.362
callogobius_centrolepis,0,0,1,0,0,NA,0.364
callogobius_clitellus,0,0,1,0,0,NA,0.385
callogobius_flavobrunneus,0,0,1,0,0,NA,0.397
calloplesiops_altivelis,0,0,1,0,0,NA,0.374
calotomus_spinidens,0,0,1,0,0,NA,0.376
canthigaster_axiologus,0,0,1,0,0,NA,0.38
canthigaster_ocellicincta,0,0,1,0,0,NA,0.61
caracanthus,0,0,1,0,0,NA,0.371
caracanthus_unipinna,0,0,1,0,0,NA,0.372
centropyge_nox,0,0,1,0,0,NA,0.858
chaetodon_baronessa,0,0,1,0,0,NA,0.848
chaetodon_citrinellus,0,0,1,0,0,NA,0.371
chaetodon_ephippium,0,0,1,0,0,NA,0.4
chaetodon_ornatissimus,0,0,1,0,0,NA,0.397
chaetodon_punctatofasciatus,0,0,1,0,0,NA,0.631
chaetodon_speculum,0,0,1,0,0,NA,0.375
cheilinus_trilobatus,0,0,1,0,0,NA,0.635
cheilio_inermis,0,0,1,0,0,NA,0.376
cheilodipterus_alleni,0,0,1,0,0,NA,0.359
cheilodipterus_artus,0,0,1,0,0,NA,0.625
cheilodipterus_heptozona,0,0,1,0,0,NA,0.38
chlorurus,0,0,1,0,0,NA,0.376
chlorurus_bleekeri,0,0,1,0,0,NA,0.376
choeroichthys_brachysoma,0,0,1,0,0,NA,0.376
choeroichthys_cinctus,0,0,1,0,0,NA,0.758
chromis,0,0,1,0,0,NA,0.88
chromis_analis,0,0,1,0,0,NA,0.92
chromis_scotochiloptera,0,0,1,0,0,NA,0.376
chrysiptera_springeri,0,0,1,0,0,NA,0.374
cirrhilabrus_lubbocki,0,0,1,0,0,NA,0.636
cirrhilabrus_rubrimarginatus,0,0,1,0,0,NA,0.389
cirrhitichthys_aprinus,0,0,1,0,0,NA,0.38
cirrhitichthys_oxycephalus,0,0,1,0,0,NA,0.372
cirripectes_springeri,0,0,1,0,0,NA,0.619
cirripectes_stigmaticus,0,0,1,0,0,NA,0.755
coris_dorsomacula,0,0,1,0,0,NA,0.427
coris_gaimard,0,0,1,0,0,NA,0.793
corythoichthys_ocellatus,0,0,1,0,0,NA,0.38
ctenochaetus,0,0,1,0,0,NA,0.608
ctenochaetus_strigosus,0,0,1,0,0,NA,0.427
ctenochaetus_tominiensis,0,0,1,0,0,NA,0.608
dascyllus_melanurus,0,0,1,0,0,NA,0.375
dendrochirus_biocellatus,0,0,1,0,0,NA,0.359
dendrochirus_zebra,0,0,1,0,0,NA,0.374
dinematichthys,0,0,1,0,0,NA,0.371
dinematichthys_trilobatus,0,0,1,0,0,NA,0.376
dinemitichthys,0,0,1,0,0,NA,0.359
discordipinna_griessingeri,0,0,1,0,0,NA,0.382
discotrema_crinophilum,0,0,1,0,0,NA,0.75
doryrhamphus_janssi,0,0,1,0,0,NA,0.371
ecsenius_lividanalis,0,0,1,0,0,NA,0.364
ecsenius_pictus,0,0,1,0,0,NA,0.921
eleotris,0,0,1,0,0,NA,0.427
enchelyurus_kraussi,0,0,1,0,0,NA,0.613
enneapterygius_flavoccipitis,0,0,1,0,0,NA,0.862
enneapterygius_similis,0,0,1,0,0,NA,0.613
enneapterygius_unimaculatus,0,0,1,0,0,NA,0.765
epinephelus_bontoides,0,0,1,0,0,NA,0.613
epinephelus_ongus,0,0,1,0,0,NA,0.4
eviota_nigriventris,0,0,1,0,0,NA,0.763
eviota_rubrisparsa,0,0,1,0,0,NA,0.359
eviota_sp_nov_1,0,0,1,0,0,NA,0.387
eviota_winterbottomi,0,0,1,0,0,NA,0.387
eviota_occasa,0,0,1,0,0,NA,0.387
exyrias_akihito,0,0,1,0,0,NA,0.374
ferdauia_ferdau,0,0,1,0,0,NA,0.359
fibramia_lateralis,0,0,1,0,0,NA,0.427
foa,0,0,1,0,0,NA,0.626
foa_fo,0,0,1,0,0,NA,0.427
foa_hyalina,0,0,1,0,0,NA,0.807
fusigobius_melacron,0,0,1,0,0,NA,0.397
fusigobius_neophytus,0,0,1,0,0,NA,0.375
gnathodentex_aureolineatus,0,0,1,0,0,NA,0.427
gnatholepis,0,0,1,0,0,NA,0.914
gnatholepis_anjerensis,0,0,1,0,0,NA,0.868
gobiesocidae,0,0,1,0,0,NA,0.364
gobiodon_quinquestrigatus,0,0,1,0,0,NA,0.605
gobiopsis_bravoi,0,0,1,0,0,NA,0.376
gymnapogon,0,0,1,0,0,NA,0.362
gymnapogon_urospilotus,0,0,1,0,0,NA,0.4
gymnomuraena_zebra,0,0,1,0,0,NA,0.64
gymnothorax_javanicus,0,0,1,0,0,NA,0.591
gymnothorax_microstictus,0,0,1,0,0,NA,0.616
gymnothorax_pseudoherrei,0,0,1,0,0,NA,0.382
gymnothorax_richardsonii,0,0,1,0,0,NA,0.599
gymnothorax_thyrsoideus,0,0,1,0,0,NA,0.38
halichoeres_timorensis,0,0,1,0,0,NA,0.376
helcogramma_inclinata,0,0,1,0,0,NA,0.375
heniochus_chrysostomus,0,0,1,0,0,NA,0.372
heniochus_varius,0,0,1,0,0,NA,0.751
hologymnosus_doliatus,0,0,1,0,0,NA,0.397
inimicus_didactylus,0,0,1,0,0,NA,0.382
istiblennius_dussumieri,0,0,1,0,0,NA,0.427
istigobius_ornatus,0,0,1,0,0,NA,0.427
kaupichthys,0,0,1,0,0,NA,0.856
kaupichthys_diodontus,0,0,1,0,0,NA,0.915
koumansetta_rainfordi,0,0,1,0,0,NA,0.427
lepadichthys_lineatus,0,0,1,0,0,NA,0.359
lepadicyathus_minor,0,0,1,0,0,NA,0.371
leptoscarus_vaigiensis,0,0,1,0,0,NA,0.645
lethrinus_harak,0,0,1,0,0,NA,0.427
liopropoma_collettei,0,0,1,0,0,NA,0.65
liopropoma_mitratum,0,0,1,0,0,NA,0.878
liopropoma_susumi,0,0,1,0,0,NA,0.639
lutjanus_johnii,0,0,1,0,0,NA,0.427
lutjanus_quinquelineatus,0,0,1,0,0,NA,0.362
lutjanus_rivulatus,0,0,1,0,0,NA,0.38
macropharyngodon_meleagris,0,0,1,0,0,NA,0.853
meiacanthus_ditrema,0,0,1,0,0,NA,0.65
mirolabrichthys_tuka,0,0,1,0,0,NA,0.641
moringua_raitaborua,0,0,1,0,0,NA,0.848
muraenichthys_schultzei,0,0,1,0,0,NA,0.397
muraenichthys_thompsoni,0,0,1,0,0,NA,0.385
myripristis_berndti,0,0,1,0,0,NA,0.385
myripristis_botche,0,0,1,0,0,NA,0.38
myripristis_hexagona,0,0,1,0,0,NA,0.389
naso,0,0,1,0,0,NA,0.375
naso_vlamingii,0,0,1,0,0,NA,0.393
neamia_octospina,0,0,1,0,0,NA,0.372
nectamia,0,0,1,0,0,NA,0.625
nectamia_similis,0,0,1,0,0,NA,0.372
neoglyphidodon_thoracotaeniatus,0,0,1,0,0,NA,0.364
neoniphon_sammara,0,0,1,0,0,NA,0.375
norfolkia,0,0,1,0,0,NA,0.371
ophichthus,0,0,1,0,0,NA,0.387
opistognathus,0,0,1,0,0,NA,0.374
opistognathus_randalli,0,0,1,0,0,NA,0.629
opistognathus_hyalinus,0,0,1,0,0,NA,0.38
oplopomops_diacanthus,0,0,1,0,0,NA,0.376
ostorhinchus_angustatus,0,0,1,0,0,NA,0.633
ostorhinchus_cookii,0,0,1,0,0,NA,0.371
ostorhinchus_doederleini,0,0,1,0,0,NA,0.362
ostorhinchus_hartzfeldii,0,0,1,0,0,NA,0.391
ostorhinchus_neotes,0,0,1,0,0,NA,0.38
ostorhinchus_ocellicaudus,0,0,1,0,0,NA,0.38
ostorhinchus_wassinki,0,0,1,0,0,NA,0.389
oxycheilinus,0,0,1,0,0,NA,0.658
oxycheilinus_arenatus,0,0,1,0,0,NA,0.359
oxymonacanthus_longirostris,0,0,1,0,0,NA,0.615
paracheilinus_carpenteri,0,0,1,0,0,NA,0.611
paracirrhites_forsteri,0,0,1,0,0,NA,0.427
paragobiodon_echinocephalus,0,0,1,0,0,NA,0.375
paragobiodon_lacunicola,0,0,1,0,0,NA,0.78
paragobiodon_modestus,0,0,1,0,0,NA,0.4
parapercis,0,0,1,0,0,NA,0.371
parapercis_multiplicata,0,0,1,0,0,NA,0.389
parapriacanthus,0,0,1,0,0,NA,0.38
parascorpaena_mossambica,0,0,1,0,0,NA,0.866
parenchelyurus_hepburni,0,0,1,0,0,NA,0.376
parioglossus_nudus,0,0,1,0,0,NA,0.427
parioglossus_rainfordi,0,0,1,0,0,NA,0.371
parioglossus_raoi,0,0,1,0,0,NA,0.427
parupeneus_barberinoides,0,0,1,0,0,NA,0.362
parupeneus_indicus,0,0,1,0,0,NA,0.362
pelates_quadrilineatus,0,0,1,0,0,NA,0.427
pervagor_melanocephalus,0,0,1,0,0,NA,0.427
petroscirtes_variabilis,0,0,1,0,0,NA,0.362
phyllogobius_platycephalops,0,0,1,0,0,NA,0.376
pictichromis_porphyrea,0,0,1,0,0,NA,0.771
platax_boersii,0,0,1,0,0,NA,0.34
platax_orbicularis,0,0,1,0,0,NA,0.639
platax_pinnatus,0,0,1,0,0,NA,0.397
plectorhinchus_lessonii,0,0,1,0,0,NA,0.375
plectorhinchus_lineatus,0,0,1,0,0,NA,0.427
plectranthias_longimanus,0,0,1,0,0,NA,0.61
plectroglyphidodon,0,0,1,0,0,NA,0.375
pleurosicya_annandalei,0,0,1,0,0,NA,0.385
pleurosicya_fringilla,0,0,1,0,0,NA,0.639
pleurosicya_labiata,0,0,1,0,0,NA,0.61
pleurosicya_plicata,0,0,1,0,0,NA,0.364
pomacentridae,0,0,1,0,0,NA,0.621
pomacentrus,0,0,1,0,0,NA,0.371
pomacentrus_nigromanus,0,0,1,0,0,NA,0.397
priacanthus_sagittarius,0,0,1,0,0,NA,0.389
priolepis_aithiops,0,0,1,0,0,NA,0.374
priolepis_compita,0,0,1,0,0,NA,0.376
pristiapogon_exostigma,0,0,1,0,0,NA,0.759
pristiapogon_taeniopterus,0,0,1,0,0,NA,0.34
pristicon_rufus,0,0,1,0,0,NA,0.385
pseudanthias,0,0,1,0,0,NA,0.621
pseudochromidae,0,0,1,0,0,NA,0.364
pseudochromis_flavopunctatus,0,0,1,0,0,NA,0.359
pseudoplesiops_annae,0,0,1,0,0,NA,0.427
pteragogus_flagellifer,0,0,1,0,0,NA,0.38
pteragogus_guttatus,0,0,1,0,0,NA,0.626
pycnochromis_agilis,0,0,1,0,0,NA,0.371
pycnochromis_atripes,0,0,1,0,0,NA,0.783
pycnochromis_delta,0,0,1,0,0,NA,0.79
pycnochromis_margaritifer,0,0,1,0,0,NA,0.919
pygoplites_diacanthus,0,0,1,0,0,NA,0.913
salarias_alboguttatus,0,0,1,0,0,NA,0.34
salarias_ceramensis,0,0,1,0,0,NA,0.634
salarias_guttatus,0,0,1,0,0,NA,0.375
salarias_patzneri,0,0,1,0,0,NA,0.371
samariscus,0,0,1,0,0,NA,0.777
samariscus_triocellatus_2,0,0,1,0,0,NA,0.61
sargocentron_iota,0,0,1,0,0,NA,0.372
sargocentron_melanospilos,0,0,1,0,0,NA,0.389
scarus,0,0,1,0,0,NA,0.617
scolecenchelys_macroptera,0,0,1,0,0,NA,0.382
scorpaenidae,0,0,1,0,0,NA,0.619
scorpaenodes_corallinus,0,0,1,0,0,NA,0.382
scorpaenodes_minor,0,0,1,0,0,NA,0.427
scorpaenopsis,0,0,1,0,0,NA,0.382
scorpaenopsis_brevifrons,0,0,1,0,0,NA,0.371
sebastapistes,0,0,1,0,0,NA,0.618
sebastapistes_strongia,0,0,1,0,0,NA,0.427
serranidae,0,0,1,0,0,NA,0.88
siganus,0,0,1,0,0,NA,0.801
siganus_puellus,0,0,1,0,0,NA,0.375
siganus_punctatus,0,0,1,0,0,NA,0.617
siphamia_argentea,0,0,1,0,0,NA,0.364
siphamia_tubifer,0,0,1,0,0,NA,0.596
stegastes,0,0,1,0,0,NA,0.61
sueviota_atrinasa,0,0,1,0,0,NA,0.374
sueviota_lachneri,0,0,1,0,0,NA,0.359
sunagocia_otaitensis,0,0,1,0,0,NA,0.913
synchiropus_splendidus,0,0,1,0,0,NA,0.764
synodus,0,0,1,0,0,NA,0.34
synodus_jaculum,0,0,1,0,0,NA,0.376
taeniamia_biguttata,0,0,1,0,0,NA,0.38
taeniamia_dispilus,0,0,1,0,0,NA,0.371
terapon_jarbua,0,0,1,0,0,NA,0.427
thalassoma,0,0,1,0,0,NA,0.376
thalassoma_amblycephalum,0,0,1,0,0,NA,0.607
thalassoma_jansenii,0,0,1,0,0,NA,0.765
trachinocephalus,0,0,1,0,0,NA,0.376
trimma_anaima,0,0,1,0,0,NA,0.61
trimma_cana,0,0,1,0,0,NA,0.926
trimma_capostriatum,0,0,1,0,0,NA,0.772
trimma_caudomaculatum,0,0,1,0,0,NA,0.397
trimma_habrum,0,0,1,0,0,NA,0.387
trimma_haimassum,0,0,1,0,0,NA,0.389
trimma_halonevum,0,0,1,0,0,NA,0.871
trimma_preclarum,0,0,1,0,0,NA,0.609
trimma_taylori,0,0,1,0,0,NA,0.802
trimma_tevegae,0,0,1,0,0,NA,0.61
trimma_trioculatum,0,0,1,0,0,NA,0.78
trimma_yanoi,0,0,1,0,0,NA,0.364
ungusurculus_philippinensis,0,0,1,0,0,NA,0.925
uroconger,0,0,1,0,0,NA,0.38
uropterygius,0,0,1,0,0,NA,0.606
uropterygius_kamar,0,0,1,0,0,NA,0.397
uropterygius_concolor,0,0,1,0,0,NA,0.359
wetmorella_albofasciata,0,0,1,0,0,NA,0.627
yongeichthys_nebulosus,0,0,1,0,0,NA,0.427
zenarchopterus,0,0,1,0,0,NA,0.427
